=== Inicio: mar 26 may 2026 11:21:00 -03 ===

[1] >>> 3DCNN_predicciones_propiedades_atomisticas_Peivaste_2023.pdf
[32m[INFO] 2026-05-26 11:22:11,402 [RapidOCR] base.py:22: Using engine_name: torch[0m
[32m[INFO] 2026-05-26 11:22:11,431 [RapidOCR] device_config.py:57: Using CPU device[0m
[32m[INFO] 2026-05-26 11:22:11,433 [RapidOCR] download_file.py:68: Initiating download: https://www.modelscope.cn/models/RapidAI/RapidOCR/resolve/v3.8.0/torch/PP-OCRv4/det/ch_PP-OCRv4_det_mobile.pth[0m
[32m[INFO] 2026-05-26 11:22:15,050 [RapidOCR] download_file.py:82: Download size: 13.83MB[0m
[32m[INFO] 2026-05-26 11:22:16,880 [RapidOCR] download_file.py:95: Successfully saved to: /home/admin/miniconda3/lib/python3.12/site-packages/rapidocr/models/ch_PP-OCRv4_det_mobile.pth[0m
[32m[INFO] 2026-05-26 11:22:16,882 [RapidOCR] main.py:50: Using /home/admin/miniconda3/lib/python3.12/site-packages/rapidocr/models/ch_PP-OCRv4_det_mobile.pth[0m
[32m[INFO] 2026-05-26 11:22:17,917 [RapidOCR] base.py:22: Using engine_name: torch[0m
[32m[INFO] 2026-05-26 11:22:17,917 [RapidOCR] device_config.py:57: Using CPU device[0m
[32m[INFO] 2026-05-26 11:22:17,918 [RapidOCR] download_file.py:68: Initiating download: https://www.modelscope.cn/models/RapidAI/RapidOCR/resolve/v3.8.0/torch/PP-OCRv4/cls/ch_ptocr_mobile_v2.0_cls_mobile.pth[0m
[32m[INFO] 2026-05-26 11:22:19,766 [RapidOCR] download_file.py:82: Download size: 0.56MB[0m
[32m[INFO] 2026-05-26 11:22:19,866 [RapidOCR] download_file.py:95: Successfully saved to: /home/admin/miniconda3/lib/python3.12/site-packages/rapidocr/models/ch_ptocr_mobile_v2.0_cls_mobile.pth[0m
[32m[INFO] 2026-05-26 11:22:19,868 [RapidOCR] main.py:50: Using /home/admin/miniconda3/lib/python3.12/site-packages/rapidocr/models/ch_ptocr_mobile_v2.0_cls_mobile.pth[0m
[32m[INFO] 2026-05-26 11:22:20,008 [RapidOCR] base.py:22: Using engine_name: torch[0m
[32m[INFO] 2026-05-26 11:22:20,008 [RapidOCR] device_config.py:57: Using CPU device[0m
[32m[INFO] 2026-05-26 11:22:20,009 [RapidOCR] download_file.py:68: Initiating download: https://www.modelscope.cn/models/RapidAI/RapidOCR/resolve/v3.8.0/torch/PP-OCRv4/rec/ch_PP-OCRv4_rec_mobile.pth[0m
[32m[INFO] 2026-05-26 11:22:21,560 [RapidOCR] download_file.py:82: Download size: 25.67MB[0m
[32m[INFO] 2026-05-26 11:22:24,867 [RapidOCR] download_file.py:95: Successfully saved to: /home/admin/miniconda3/lib/python3.12/site-packages/rapidocr/models/ch_PP-OCRv4_rec_mobile.pth[0m
[32m[INFO] 2026-05-26 11:22:24,868 [RapidOCR] main.py:50: Using /home/admin/miniconda3/lib/python3.12/site-packages/rapidocr/models/ch_PP-OCRv4_rec_mobile.pth[0m
Warning: You are sending unauthenticated requests to the HF Hub. Please set a HF_TOKEN to enable higher rate limits and faster downloads.
[+] Procesando PDF: 3DCNN_predicciones_propiedades_atomisticas_Peivaste_2023.pdf
Loading weights:   0%|          | 0/770 [00:00<?, ?it/s]Loading weights:  20%|██        | 154/770 [00:00<00:00, 1325.76it/s]Loading weights:  37%|███▋      | 287/770 [00:00<00:01, 294.66it/s] Loading weights:  62%|██████▏   | 478/770 [00:00<00:00, 534.98it/s]Loading weights:  82%|████████▏ | 634/770 [00:01<00:00, 713.65it/s]Loading weights: 100%|██████████| 770/770 [00:01<00:00, 828.33it/s]Loading weights: 100%|██████████| 770/770 [00:01<00:00, 662.51it/s]
[W526 11:23:50.185071560 NNPACK.cpp:56] Could not initialize NNPACK! Reason: Unsupported hardware.
[W526 11:23:50.370602151 NNPACK.cpp:56] Could not initialize NNPACK! Reason: Unsupported hardware.
[W526 11:23:50.421941407 NNPACK.cpp:56] Could not initialize NNPACK! Reason: Unsupported hardware.
[W526 11:23:50.422359130 NNPACK.cpp:56] Could not initialize NNPACK! Reason: Unsupported hardware.
[W526 11:23:50.792107989 NNPACK.cpp:56] Could not initialize NNPACK! Reason: Unsupported hardware.
[W526 11:23:50.792537096 NNPACK.cpp:56] Could not initialize NNPACK! Reason: Unsupported hardware.
[W526 11:23:50.796966871 NNPACK.cpp:56] Could not initialize NNPACK! Reason: Unsupported hardware.
[W526 11:23:50.797400169 NNPACK.cpp:56] Could not initialize NNPACK! Reason: Unsupported hardware.
[W526 11:23:50.805864974 NNPACK.cpp:56] Could not initialize NNPACK! Reason: Unsupported hardware.
[W526 11:23:50.806103484 NNPACK.cpp:56] Could not initialize NNPACK! Reason: Unsupported hardware.
[W526 11:23:50.846419984 NNPACK.cpp:56] Could not initialize NNPACK! Reason: Unsupported hardware.
[W526 11:23:50.846793916 NNPACK.cpp:56] Could not initialize NNPACK! Reason: Unsupported hardware.
[W526 11:23:50.979666782 NNPACK.cpp:56] Could not initialize NNPACK! Reason: Unsupported hardware.
[W526 11:23:50.980093654 NNPACK.cpp:56] Could not initialize NNPACK! Reason: Unsupported hardware.
[W526 11:23:51.986540385 NNPACK.cpp:56] Could not initialize NNPACK! Reason: Unsupported hardware.
[W526 11:23:51.986910476 NNPACK.cpp:56] Could not initialize NNPACK! Reason: Unsupported hardware.
[W526 11:23:51.003443946 NNPACK.cpp:56] Could not initialize NNPACK! Reason: Unsupported hardware.
[W526 11:23:51.004092286 NNPACK.cpp:56] Could not initialize NNPACK! Reason: Unsupported hardware.
[W526 11:23:51.248646048 NNPACK.cpp:56] Could not initialize NNPACK! Reason: Unsupported hardware.
[W526 11:23:51.249095339 NNPACK.cpp:56] Could not initialize NNPACK! Reason: Unsupported hardware.
[W526 11:24:20.553712815 NNPACK.cpp:56] Could not initialize NNPACK! Reason: Unsupported hardware.
[W526 11:24:20.554686687 NNPACK.cpp:56] Could not initialize NNPACK! Reason: Unsupported hardware.
[W526 11:24:20.648794664 NNPACK.cpp:56] Could not initialize NNPACK! Reason: Unsupported hardware.
[W526 11:24:20.649367715 NNPACK.cpp:56] Could not initialize NNPACK! Reason: Unsupported hardware.
[W526 11:24:20.975081842 NNPACK.cpp:56] Could not initialize NNPACK! Reason: Unsupported hardware.
[W526 11:24:20.975598461 NNPACK.cpp:56] Could not initialize NNPACK! Reason: Unsupported hardware.
[W526 11:24:20.980762416 NNPACK.cpp:56] Could not initialize NNPACK! Reason: Unsupported hardware.
[W526 11:24:20.981256616 NNPACK.cpp:56] Could not initialize NNPACK! Reason: Unsupported hardware.
[W526 11:24:21.991529421 NNPACK.cpp:56] Could not initialize NNPACK! Reason: Unsupported hardware.
[W526 11:24:21.991984649 NNPACK.cpp:56] Could not initialize NNPACK! Reason: Unsupported hardware.
[W526 11:24:21.036786070 NNPACK.cpp:56] Could not initialize NNPACK! Reason: Unsupported hardware.
[W526 11:24:21.037371343 NNPACK.cpp:56] Could not initialize NNPACK! Reason: Unsupported hardware.
[W526 11:24:21.118435199 NNPACK.cpp:56] Could not initialize NNPACK! Reason: Unsupported hardware.
[W526 11:24:21.118695708 NNPACK.cpp:56] Could not initialize NNPACK! Reason: Unsupported hardware.
[W526 11:24:21.129668257 NNPACK.cpp:56] Could not initialize NNPACK! Reason: Unsupported hardware.
[W526 11:24:21.129934983 NNPACK.cpp:56] Could not initialize NNPACK! Reason: Unsupported hardware.
[W526 11:24:21.160495053 NNPACK.cpp:56] Could not initialize NNPACK! Reason: Unsupported hardware.
[W526 11:24:21.160810528 NNPACK.cpp:56] Could not initialize NNPACK! Reason: Unsupported hardware.
[W526 11:24:21.235874284 NNPACK.cpp:56] Could not initialize NNPACK! Reason: Unsupported hardware.
[W526 11:24:21.236121524 NNPACK.cpp:56] Could not initialize NNPACK! Reason: Unsupported hardware.
[W526 11:24:22.144772145 NNPACK.cpp:56] Could not initialize NNPACK! Reason: Unsupported hardware.
[W526 11:24:22.147715973 NNPACK.cpp:56] Could not initialize NNPACK! Reason: Unsupported hardware.
[W526 11:24:22.148842170 NNPACK.cpp:56] Could not initialize NNPACK! Reason: Unsupported hardware.
[W526 11:24:22.149322960 NNPACK.cpp:56] Could not initialize NNPACK! Reason: Unsupported hardware.
[W526 11:24:22.150171188 NNPACK.cpp:56] Could not initialize NNPACK! Reason: Unsupported hardware.
[W526 11:24:22.153197498 NNPACK.cpp:56] Could not initialize NNPACK! Reason: Unsupported hardware.
[W526 11:24:22.154059345 NNPACK.cpp:56] Could not initialize NNPACK! Reason: Unsupported hardware.
[W526 11:24:22.156714447 NNPACK.cpp:56] Could not initialize NNPACK! Reason: Unsupported hardware.
[W526 11:24:22.157572941 NNPACK.cpp:56] Could not initialize NNPACK! Reason: Unsupported hardware.
[W526 11:24:22.160534508 NNPACK.cpp:56] Could not initialize NNPACK! Reason: Unsupported hardware.
[W526 11:24:22.161168880 NNPACK.cpp:56] Could not initialize NNPACK! Reason: Unsupported hardware.
[W526 11:24:22.161779017 NNPACK.cpp:56] Could not initialize NNPACK! Reason: Unsupported hardware.
[W526 11:24:22.162809741 NNPACK.cpp:56] Could not initialize NNPACK! Reason: Unsupported hardware.
[W526 11:24:22.166907702 NNPACK.cpp:56] Could not initialize NNPACK! Reason: Unsupported hardware.
[W526 11:24:22.167399737 NNPACK.cpp:56] Could not initialize NNPACK! Reason: Unsupported hardware.
[W526 11:24:22.170332529 NNPACK.cpp:56] Could not initialize NNPACK! Reason: Unsupported hardware.
[W526 11:24:22.173237734 NNPACK.cpp:56] Could not initialize NNPACK! Reason: Unsupported hardware.
[W526 11:24:22.173774747 NNPACK.cpp:56] Could not initialize NNPACK! Reason: Unsupported hardware.
[W526 11:24:22.176204540 NNPACK.cpp:56] Could not initialize NNPACK! Reason: Unsupported hardware.
[W526 11:24:22.180969699 NNPACK.cpp:56] Could not initialize NNPACK! Reason: Unsupported hardware.
[W526 11:24:22.181341745 NNPACK.cpp:56] Could not initialize NNPACK! Reason: Unsupported hardware.
[W526 11:24:22.181716097 NNPACK.cpp:56] Could not initialize NNPACK! Reason: Unsupported hardware.
[W526 11:24:22.182505727 NNPACK.cpp:56] Could not initialize NNPACK! Reason: Unsupported hardware.
[W526 11:24:22.186547466 NNPACK.cpp:56] Could not initialize NNPACK! Reason: Unsupported hardware.
[W526 11:24:22.187098377 NNPACK.cpp:56] Could not initialize NNPACK! Reason: Unsupported hardware.
[W526 11:24:22.187750978 NNPACK.cpp:56] Could not initialize NNPACK! Reason: Unsupported hardware.
[W526 11:24:22.188647187 NNPACK.cpp:56] Could not initialize NNPACK! Reason: Unsupported hardware.
[W526 11:24:22.192444619 NNPACK.cpp:56] Could not initialize NNPACK! Reason: Unsupported hardware.
[W526 11:24:22.193075499 NNPACK.cpp:56] Could not initialize NNPACK! Reason: Unsupported hardware.
[W526 11:24:22.194216713 NNPACK.cpp:56] Could not initialize NNPACK! Reason: Unsupported hardware.
[W526 11:24:22.195239544 NNPACK.cpp:56] Could not initialize NNPACK! Reason: Unsupported hardware.
[W526 11:24:22.199790080 NNPACK.cpp:56] Could not initialize NNPACK! Reason: Unsupported hardware.
[W526 11:24:22.200255365 NNPACK.cpp:56] Could not initialize NNPACK! Reason: Unsupported hardware.
[W526 11:24:22.202880575 NNPACK.cpp:56] Could not initialize NNPACK! Reason: Unsupported hardware.
[W526 11:24:22.208215153 NNPACK.cpp:56] Could not initialize NNPACK! Reason: Unsupported hardware.
[W526 11:24:22.208606127 NNPACK.cpp:56] Could not initialize NNPACK! Reason: Unsupported hardware.
[W526 11:24:22.210420125 NNPACK.cpp:56] Could not initialize NNPACK! Reason: Unsupported hardware.
[W526 11:24:41.400747540 NNPACK.cpp:56] Could not initialize NNPACK! Reason: Unsupported hardware.
[W526 11:24:41.401045764 NNPACK.cpp:56] Could not initialize NNPACK! Reason: Unsupported hardware.
[W526 11:24:41.467755512 NNPACK.cpp:56] Could not initialize NNPACK! Reason: Unsupported hardware.
[W526 11:24:41.468432348 NNPACK.cpp:56] Could not initialize NNPACK! Reason: Unsupported hardware.
[W526 11:24:41.662380738 NNPACK.cpp:56] Could not initialize NNPACK! Reason: Unsupported hardware.
[W526 11:24:41.665837414 NNPACK.cpp:56] Could not initialize NNPACK! Reason: Unsupported hardware.
[W526 11:24:41.679205541 NNPACK.cpp:56] Could not initialize NNPACK! Reason: Unsupported hardware.
[W526 11:24:41.687848105 NNPACK.cpp:56] Could not initialize NNPACK! Reason: Unsupported hardware.
[W526 11:24:44.256571101 NNPACK.cpp:56] Could not initialize NNPACK! Reason: Unsupported hardware.
[W526 11:24:44.256803604 NNPACK.cpp:56] Could not initialize NNPACK! Reason: Unsupported hardware.
[W526 11:24:44.351040709 NNPACK.cpp:56] Could not initialize NNPACK! Reason: Unsupported hardware.
[W526 11:24:44.351367499 NNPACK.cpp:56] Could not initialize NNPACK! Reason: Unsupported hardware.
[W526 11:24:44.695679783 NNPACK.cpp:56] Could not initialize NNPACK! Reason: Unsupported hardware.
[W526 11:24:44.696188650 NNPACK.cpp:56] Could not initialize NNPACK! Reason: Unsupported hardware.
[W526 11:24:44.701392977 NNPACK.cpp:56] Could not initialize NNPACK! Reason: Unsupported hardware.
[W526 11:24:44.701788351 NNPACK.cpp:56] Could not initialize NNPACK! Reason: Unsupported hardware.
[W526 11:24:44.711643509 NNPACK.cpp:56] Could not initialize NNPACK! Reason: Unsupported hardware.
[W526 11:24:44.712176610 NNPACK.cpp:56] Could not initialize NNPACK! Reason: Unsupported hardware.
[W526 11:24:44.748653552 NNPACK.cpp:56] Could not initialize NNPACK! Reason: Unsupported hardware.
[W526 11:24:44.749305036 NNPACK.cpp:56] Could not initialize NNPACK! Reason: Unsupported hardware.
[W526 11:24:44.797152981 NNPACK.cpp:56] Could not initialize NNPACK! Reason: Unsupported hardware.
[W526 11:24:44.797388138 NNPACK.cpp:56] Could not initialize NNPACK! Reason: Unsupported hardware.
[W526 11:24:44.815994605 NNPACK.cpp:56] Could not initialize NNPACK! Reason: Unsupported hardware.
[W526 11:24:44.816444316 NNPACK.cpp:56] Could not initialize NNPACK! Reason: Unsupported hardware.
[W526 11:24:44.848264629 NNPACK.cpp:56] Could not initialize NNPACK! Reason: Unsupported hardware.
[W526 11:24:44.848706448 NNPACK.cpp:56] Could not initialize NNPACK! Reason: Unsupported hardware.
[W526 11:24:44.932553128 NNPACK.cpp:56] Could not initialize NNPACK! Reason: Unsupported hardware.
[W526 11:24:44.932998719 NNPACK.cpp:56] Could not initialize NNPACK! Reason: Unsupported hardware.
[W526 11:24:57.919185333 NNPACK.cpp:56] Could not initialize NNPACK! Reason: Unsupported hardware.
[W526 11:24:57.920019663 NNPACK.cpp:56] Could not initialize NNPACK! Reason: Unsupported hardware.
[W526 11:24:57.976598053 NNPACK.cpp:56] Could not initialize NNPACK! Reason: Unsupported hardware.
[W526 11:24:57.977058869 NNPACK.cpp:56] Could not initialize NNPACK! Reason: Unsupported hardware.
[W526 11:24:58.490993240 NNPACK.cpp:56] Could not initialize NNPACK! Reason: Unsupported hardware.
[W526 11:24:58.491352715 NNPACK.cpp:56] Could not initialize NNPACK! Reason: Unsupported hardware.
[W526 11:24:58.496188628 NNPACK.cpp:56] Could not initialize NNPACK! Reason: Unsupported hardware.
[W526 11:24:58.496698124 NNPACK.cpp:56] Could not initialize NNPACK! Reason: Unsupported hardware.
[W526 11:24:58.506314077 NNPACK.cpp:56] Could not initialize NNPACK! Reason: Unsupported hardware.
[W526 11:24:58.506812398 NNPACK.cpp:56] Could not initialize NNPACK! Reason: Unsupported hardware.
[W526 11:24:58.557981615 NNPACK.cpp:56] Could not initialize NNPACK! Reason: Unsupported hardware.
[W526 11:24:58.558300862 NNPACK.cpp:56] Could not initialize NNPACK! Reason: Unsupported hardware.
[W526 11:24:58.620146580 NNPACK.cpp:56] Could not initialize NNPACK! Reason: Unsupported hardware.
[W526 11:24:58.620712647 NNPACK.cpp:56] Could not initialize NNPACK! Reason: Unsupported hardware.
[W526 11:24:58.627519495 NNPACK.cpp:56] Could not initialize NNPACK! Reason: Unsupported hardware.
[W526 11:24:58.628091918 NNPACK.cpp:56] Could not initialize NNPACK! Reason: Unsupported hardware.
[W526 11:24:58.653231181 NNPACK.cpp:56] Could not initialize NNPACK! Reason: Unsupported hardware.
[W526 11:24:58.653794315 NNPACK.cpp:56] Could not initialize NNPACK! Reason: Unsupported hardware.
[W526 11:24:58.726735095 NNPACK.cpp:56] Could not initialize NNPACK! Reason: Unsupported hardware.
[W526 11:24:58.727331753 NNPACK.cpp:56] Could not initialize NNPACK! Reason: Unsupported hardware.
[W526 11:25:29.427717988 NNPACK.cpp:56] Could not initialize NNPACK! Reason: Unsupported hardware.
[W526 11:25:29.427988485 NNPACK.cpp:56] Could not initialize NNPACK! Reason: Unsupported hardware.
[W526 11:25:29.513630963 NNPACK.cpp:56] Could not initialize NNPACK! Reason: Unsupported hardware.
[W526 11:25:29.514280282 NNPACK.cpp:56] Could not initialize NNPACK! Reason: Unsupported hardware.
[W526 11:25:29.922538097 NNPACK.cpp:56] Could not initialize NNPACK! Reason: Unsupported hardware.
[W526 11:25:29.922922436 NNPACK.cpp:56] Could not initialize NNPACK! Reason: Unsupported hardware.
[W526 11:25:29.929927431 NNPACK.cpp:56] Could not initialize NNPACK! Reason: Unsupported hardware.
[W526 11:25:29.930359333 NNPACK.cpp:56] Could not initialize NNPACK! Reason: Unsupported hardware.
[W526 11:25:29.939207941 NNPACK.cpp:56] Could not initialize NNPACK! Reason: Unsupported hardware.
[W526 11:25:29.939585995 NNPACK.cpp:56] Could not initialize NNPACK! Reason: Unsupported hardware.
[W526 11:25:29.978087203 NNPACK.cpp:56] Could not initialize NNPACK! Reason: Unsupported hardware.
[W526 11:25:29.978313561 NNPACK.cpp:56] Could not initialize NNPACK! Reason: Unsupported hardware.
[W526 11:25:30.069258501 NNPACK.cpp:56] Could not initialize NNPACK! Reason: Unsupported hardware.
[W526 11:25:30.069471379 NNPACK.cpp:56] Could not initialize NNPACK! Reason: Unsupported hardware.
[W526 11:25:30.083554562 NNPACK.cpp:56] Could not initialize NNPACK! Reason: Unsupported hardware.
[W526 11:25:30.083766812 NNPACK.cpp:56] Could not initialize NNPACK! Reason: Unsupported hardware.
[W526 11:25:30.115320297 NNPACK.cpp:56] Could not initialize NNPACK! Reason: Unsupported hardware.
[W526 11:25:30.115533594 NNPACK.cpp:56] Could not initialize NNPACK! Reason: Unsupported hardware.
[W526 11:25:30.184697037 NNPACK.cpp:56] Could not initialize NNPACK! Reason: Unsupported hardware.
[W526 11:25:30.184937991 NNPACK.cpp:56] Could not initialize NNPACK! Reason: Unsupported hardware.
[W526 11:25:30.970334221 NNPACK.cpp:56] Could not initialize NNPACK! Reason: Unsupported hardware.
[W526 11:25:30.981272358 NNPACK.cpp:56] Could not initialize NNPACK! Reason: Unsupported hardware.
[W526 11:25:30.981696856 NNPACK.cpp:56] Could not initialize NNPACK! Reason: Unsupported hardware.
[W526 11:25:31.982426564 NNPACK.cpp:56] Could not initialize NNPACK! Reason: Unsupported hardware.
[W526 11:25:31.984195028 NNPACK.cpp:56] Could not initialize NNPACK! Reason: Unsupported hardware.
[W526 11:25:31.991429314 NNPACK.cpp:56] Could not initialize NNPACK! Reason: Unsupported hardware.
[W526 11:25:31.993671166 NNPACK.cpp:56] Could not initialize NNPACK! Reason: Unsupported hardware.
[W526 11:25:31.000389390 NNPACK.cpp:56] Could not initialize NNPACK! Reason: Unsupported hardware.
[W526 11:25:31.002862978 NNPACK.cpp:56] Could not initialize NNPACK! Reason: Unsupported hardware.
[W526 11:25:31.010156210 NNPACK.cpp:56] Could not initialize NNPACK! Reason: Unsupported hardware.
[W526 11:25:31.012294697 NNPACK.cpp:56] Could not initialize NNPACK! Reason: Unsupported hardware.
[W526 11:25:31.012712700 NNPACK.cpp:56] Could not initialize NNPACK! Reason: Unsupported hardware.
[W526 11:25:31.014240909 NNPACK.cpp:56] Could not initialize NNPACK! Reason: Unsupported hardware.
[W526 11:25:31.025420349 NNPACK.cpp:56] Could not initialize NNPACK! Reason: Unsupported hardware.
[W526 11:25:31.025753564 NNPACK.cpp:56] Could not initialize NNPACK! Reason: Unsupported hardware.
[W526 11:25:31.033296620 NNPACK.cpp:56] Could not initialize NNPACK! Reason: Unsupported hardware.
[W526 11:25:31.036266644 NNPACK.cpp:56] Could not initialize NNPACK! Reason: Unsupported hardware.
[W526 11:25:31.036705180 NNPACK.cpp:56] Could not initialize NNPACK! Reason: Unsupported hardware.
[W526 11:25:31.040361330 NNPACK.cpp:56] Could not initialize NNPACK! Reason: Unsupported hardware.
[W526 11:25:31.043988984 NNPACK.cpp:56] Could not initialize NNPACK! Reason: Unsupported hardware.
[W526 11:25:31.044534518 NNPACK.cpp:56] Could not initialize NNPACK! Reason: Unsupported hardware.
[W526 11:25:31.045279870 NNPACK.cpp:56] Could not initialize NNPACK! Reason: Unsupported hardware.
[W526 11:25:31.045867519 NNPACK.cpp:56] Could not initialize NNPACK! Reason: Unsupported hardware.
[W526 11:25:31.051685412 NNPACK.cpp:56] Could not initialize NNPACK! Reason: Unsupported hardware.
[W526 11:25:31.052149581 NNPACK.cpp:56] Could not initialize NNPACK! Reason: Unsupported hardware.
[W526 11:25:31.052643502 NNPACK.cpp:56] Could not initialize NNPACK! Reason: Unsupported hardware.
[W526 11:25:31.053483560 NNPACK.cpp:56] Could not initialize NNPACK! Reason: Unsupported hardware.
[W526 11:25:31.062459910 NNPACK.cpp:56] Could not initialize NNPACK! Reason: Unsupported hardware.
[W526 11:25:31.062752966 NNPACK.cpp:56] Could not initialize NNPACK! Reason: Unsupported hardware.
[W526 11:25:31.063070956 NNPACK.cpp:56] Could not initialize NNPACK! Reason: Unsupported hardware.
[W526 11:25:31.068779546 NNPACK.cpp:56] Could not initialize NNPACK! Reason: Unsupported hardware.
[W526 11:25:31.095872166 NNPACK.cpp:56] Could not initialize NNPACK! Reason: Unsupported hardware.
[W526 11:25:31.096371814 NNPACK.cpp:56] Could not initialize NNPACK! Reason: Unsupported hardware.
[W526 11:25:31.112440251 NNPACK.cpp:56] Could not initialize NNPACK! Reason: Unsupported hardware.
[W526 11:25:31.132640181 NNPACK.cpp:56] Could not initialize NNPACK! Reason: Unsupported hardware.
[W526 11:25:31.132888678 NNPACK.cpp:56] Could not initialize NNPACK! Reason: Unsupported hardware.
[W526 11:25:31.135838727 NNPACK.cpp:56] Could not initialize NNPACK! Reason: Unsupported hardware.
[W526 11:25:46.583702940 NNPACK.cpp:56] Could not initialize NNPACK! Reason: Unsupported hardware.
[W526 11:25:46.583988175 NNPACK.cpp:56] Could not initialize NNPACK! Reason: Unsupported hardware.
[W526 11:25:46.833371186 NNPACK.cpp:56] Could not initialize NNPACK! Reason: Unsupported hardware.
[W526 11:25:46.833726053 NNPACK.cpp:56] Could not initialize NNPACK! Reason: Unsupported hardware.
[W526 11:25:47.338154931 NNPACK.cpp:56] Could not initialize NNPACK! Reason: Unsupported hardware.
[W526 11:25:47.347037067 NNPACK.cpp:56] Could not initialize NNPACK! Reason: Unsupported hardware.
[W526 11:25:47.390537641 NNPACK.cpp:56] Could not initialize NNPACK! Reason: Unsupported hardware.
[W526 11:25:47.413514770 NNPACK.cpp:56] Could not initialize NNPACK! Reason: Unsupported hardware.
[W526 11:25:52.673024684 NNPACK.cpp:56] Could not initialize NNPACK! Reason: Unsupported hardware.
[W526 11:25:52.673258933 NNPACK.cpp:56] Could not initialize NNPACK! Reason: Unsupported hardware.
[W526 11:25:52.769179245 NNPACK.cpp:56] Could not initialize NNPACK! Reason: Unsupported hardware.
[W526 11:25:52.769522168 NNPACK.cpp:56] Could not initialize NNPACK! Reason: Unsupported hardware.
[W526 11:25:53.231688901 NNPACK.cpp:56] Could not initialize NNPACK! Reason: Unsupported hardware.
[W526 11:25:53.232201610 NNPACK.cpp:56] Could not initialize NNPACK! Reason: Unsupported hardware.
[W526 11:25:53.291035760 NNPACK.cpp:56] Could not initialize NNPACK! Reason: Unsupported hardware.
[W526 11:25:53.291444474 NNPACK.cpp:56] Could not initialize NNPACK! Reason: Unsupported hardware.
[W526 11:25:53.310224949 NNPACK.cpp:56] Could not initialize NNPACK! Reason: Unsupported hardware.
[W526 11:25:53.313114236 NNPACK.cpp:56] Could not initialize NNPACK! Reason: Unsupported hardware.
[W526 11:25:53.385604983 NNPACK.cpp:56] Could not initialize NNPACK! Reason: Unsupported hardware.
[W526 11:25:53.385955589 NNPACK.cpp:56] Could not initialize NNPACK! Reason: Unsupported hardware.
[W526 11:25:53.491571628 NNPACK.cpp:56] Could not initialize NNPACK! Reason: Unsupported hardware.
[W526 11:25:53.491884170 NNPACK.cpp:56] Could not initialize NNPACK! Reason: Unsupported hardware.
[W526 11:25:53.501739694 NNPACK.cpp:56] Could not initialize NNPACK! Reason: Unsupported hardware.
[W526 11:25:53.502229425 NNPACK.cpp:56] Could not initialize NNPACK! Reason: Unsupported hardware.
[W526 11:25:53.530261431 NNPACK.cpp:56] Could not initialize NNPACK! Reason: Unsupported hardware.
[W526 11:25:53.530447560 NNPACK.cpp:56] Could not initialize NNPACK! Reason: Unsupported hardware.
[W526 11:25:53.656426830 NNPACK.cpp:56] Could not initialize NNPACK! Reason: Unsupported hardware.
[W526 11:25:53.656632165 NNPACK.cpp:56] Could not initialize NNPACK! Reason: Unsupported hardware.
[+] Figuras encontradas: 8
  [+] fig_001 → fig_001_no_caption.png
  [+] fig_002 → fig_002_Figure_1_Comparative_analysis_of_elasti.png
  [+] fig_003 → fig_003_Figure_2_Comparative_analysis_of_elasti.png
  [+] fig_004 → fig_004_Figure_3_Effect_of_processor_count_on_c.png
  [+] fig_005 → fig_005_Figure_4_Visualization_of_Atomistic_Str.png
  [+] fig_006 → fig_006_Figure_5_Visualization_of_Atomistic_Str.png
  [+] fig_007 → fig_007_Figure_6_The_neural_network_structure_e.png
  [+] fig_008 → fig_008_no_caption.png
[+] Imágenes guardadas en: /media/admin/ALMACEN_GRANDE_1/ilovepappers/pappers/3DCNN_predicciones_propiedades_atomisticas_Peivaste_2023_figures/images
[+] JSON guardado en: /media/admin/ALMACEN_GRANDE_1/ilovepappers/pappers/3DCNN_predicciones_propiedades_atomisticas_Peivaste_2023_figures/figures.json
[+] Markdown guardado en: /media/admin/ALMACEN_GRANDE_1/ilovepappers/pappers/3DCNN_predicciones_propiedades_atomisticas_Peivaste_2023_figures/figures.md
[+] TXT guardado en: /media/admin/ALMACEN_GRANDE_1/ilovepappers/pappers/3DCNN_predicciones_propiedades_atomisticas_Peivaste_2023_figures/captions.txt
[+] CSV guardado en: /media/admin/ALMACEN_GRANDE_1/ilovepappers/pappers/3DCNN_predicciones_propiedades_atomisticas_Peivaste_2023_figures/captions.csv

✓ Extracción completada.
Salida: /media/admin/ALMACEN_GRANDE_1/ilovepappers/pappers/3DCNN_predicciones_propiedades_atomisticas_Peivaste_2023_figures
    OK

[2] >>> Ablacion_laser_descomposicion_nanoescala_Sun_2025.pdf
[32m[INFO] 2026-05-26 11:29:52,418 [RapidOCR] base.py:22: Using engine_name: torch[0m
[32m[INFO] 2026-05-26 11:29:52,424 [RapidOCR] device_config.py:57: Using CPU device[0m
[32m[INFO] 2026-05-26 11:29:52,712 [RapidOCR] download_file.py:60: File exists and is valid: /home/admin/miniconda3/lib/python3.12/site-packages/rapidocr/models/ch_PP-OCRv4_det_mobile.pth[0m
[32m[INFO] 2026-05-26 11:29:52,713 [RapidOCR] main.py:50: Using /home/admin/miniconda3/lib/python3.12/site-packages/rapidocr/models/ch_PP-OCRv4_det_mobile.pth[0m
[32m[INFO] 2026-05-26 11:29:53,558 [RapidOCR] base.py:22: Using engine_name: torch[0m
[32m[INFO] 2026-05-26 11:29:53,559 [RapidOCR] device_config.py:57: Using CPU device[0m
[32m[INFO] 2026-05-26 11:29:53,582 [RapidOCR] download_file.py:60: File exists and is valid: /home/admin/miniconda3/lib/python3.12/site-packages/rapidocr/models/ch_ptocr_mobile_v2.0_cls_mobile.pth[0m
[32m[INFO] 2026-05-26 11:29:53,583 [RapidOCR] main.py:50: Using /home/admin/miniconda3/lib/python3.12/site-packages/rapidocr/models/ch_ptocr_mobile_v2.0_cls_mobile.pth[0m
[32m[INFO] 2026-05-26 11:29:53,725 [RapidOCR] base.py:22: Using engine_name: torch[0m
[32m[INFO] 2026-05-26 11:29:53,726 [RapidOCR] device_config.py:57: Using CPU device[0m
[32m[INFO] 2026-05-26 11:29:54,195 [RapidOCR] download_file.py:60: File exists and is valid: /home/admin/miniconda3/lib/python3.12/site-packages/rapidocr/models/ch_PP-OCRv4_rec_mobile.pth[0m
[32m[INFO] 2026-05-26 11:29:54,196 [RapidOCR] main.py:50: Using /home/admin/miniconda3/lib/python3.12/site-packages/rapidocr/models/ch_PP-OCRv4_rec_mobile.pth[0m
[+] Procesando PDF: Ablacion_laser_descomposicion_nanoescala_Sun_2025.pdf
Loading weights:   0%|          | 0/770 [00:00<?, ?it/s]Loading weights: 100%|██████████| 770/770 [00:00<00:00, 15202.05it/s]
[W526 11:30:17.538222679 NNPACK.cpp:56] Could not initialize NNPACK! Reason: Unsupported hardware.
[W526 11:30:17.538505121 NNPACK.cpp:56] Could not initialize NNPACK! Reason: Unsupported hardware.
[W526 11:30:17.645831048 NNPACK.cpp:56] Could not initialize NNPACK! Reason: Unsupported hardware.
[W526 11:30:17.646298013 NNPACK.cpp:56] Could not initialize NNPACK! Reason: Unsupported hardware.
[W526 11:30:18.247111993 NNPACK.cpp:56] Could not initialize NNPACK! Reason: Unsupported hardware.
[W526 11:30:18.247573511 NNPACK.cpp:56] Could not initialize NNPACK! Reason: Unsupported hardware.
[W526 11:30:18.271836267 NNPACK.cpp:56] Could not initialize NNPACK! Reason: Unsupported hardware.
[W526 11:30:18.272067375 NNPACK.cpp:56] Could not initialize NNPACK! Reason: Unsupported hardware.
[W526 11:30:18.325621735 NNPACK.cpp:56] Could not initialize NNPACK! Reason: Unsupported hardware.
[W526 11:30:18.336435470 NNPACK.cpp:56] Could not initialize NNPACK! Reason: Unsupported hardware.
[W526 11:30:18.531567205 NNPACK.cpp:56] Could not initialize NNPACK! Reason: Unsupported hardware.
[W526 11:30:18.531984931 NNPACK.cpp:56] Could not initialize NNPACK! Reason: Unsupported hardware.
[W526 11:30:18.695606735 NNPACK.cpp:56] Could not initialize NNPACK! Reason: Unsupported hardware.
[W526 11:30:18.696513287 NNPACK.cpp:56] Could not initialize NNPACK! Reason: Unsupported hardware.
[W526 11:30:18.721475443 NNPACK.cpp:56] Could not initialize NNPACK! Reason: Unsupported hardware.
[W526 11:30:18.721697751 NNPACK.cpp:56] Could not initialize NNPACK! Reason: Unsupported hardware.
[W526 11:30:18.764098174 NNPACK.cpp:56] Could not initialize NNPACK! Reason: Unsupported hardware.
[W526 11:30:18.764449899 NNPACK.cpp:56] Could not initialize NNPACK! Reason: Unsupported hardware.
[W526 11:30:20.075438805 NNPACK.cpp:56] Could not initialize NNPACK! Reason: Unsupported hardware.
[W526 11:30:20.087518919 NNPACK.cpp:56] Could not initialize NNPACK! Reason: Unsupported hardware.
[W526 11:31:09.145922526 NNPACK.cpp:56] Could not initialize NNPACK! Reason: Unsupported hardware.
[W526 11:31:09.205388438 NNPACK.cpp:56] Could not initialize NNPACK! Reason: Unsupported hardware.
[W526 11:31:09.355649113 NNPACK.cpp:56] Could not initialize NNPACK! Reason: Unsupported hardware.
[W526 11:31:09.356375542 NNPACK.cpp:56] Could not initialize NNPACK! Reason: Unsupported hardware.
[W526 11:31:09.963784778 NNPACK.cpp:56] Could not initialize NNPACK! Reason: Unsupported hardware.
[W526 11:31:09.964052833 NNPACK.cpp:56] Could not initialize NNPACK! Reason: Unsupported hardware.
[W526 11:31:09.975435231 NNPACK.cpp:56] Could not initialize NNPACK! Reason: Unsupported hardware.
[W526 11:31:09.975679400 NNPACK.cpp:56] Could not initialize NNPACK! Reason: Unsupported hardware.
[W526 11:31:10.994689757 NNPACK.cpp:56] Could not initialize NNPACK! Reason: Unsupported hardware.
[W526 11:31:10.994929036 NNPACK.cpp:56] Could not initialize NNPACK! Reason: Unsupported hardware.
[W526 11:31:10.046931817 NNPACK.cpp:56] Could not initialize NNPACK! Reason: Unsupported hardware.
[W526 11:31:10.050061937 NNPACK.cpp:56] Could not initialize NNPACK! Reason: Unsupported hardware.
[W526 11:31:10.169669835 NNPACK.cpp:56] Could not initialize NNPACK! Reason: Unsupported hardware.
[W526 11:31:10.169940404 NNPACK.cpp:56] Could not initialize NNPACK! Reason: Unsupported hardware.
[W526 11:31:10.197822401 NNPACK.cpp:56] Could not initialize NNPACK! Reason: Unsupported hardware.
[W526 11:31:10.200425700 NNPACK.cpp:56] Could not initialize NNPACK! Reason: Unsupported hardware.
[W526 11:31:10.250096240 NNPACK.cpp:56] Could not initialize NNPACK! Reason: Unsupported hardware.
[W526 11:31:10.250351723 NNPACK.cpp:56] Could not initialize NNPACK! Reason: Unsupported hardware.
[W526 11:31:10.458410758 NNPACK.cpp:56] Could not initialize NNPACK! Reason: Unsupported hardware.
[W526 11:31:10.460330931 NNPACK.cpp:56] Could not initialize NNPACK! Reason: Unsupported hardware.
[W526 11:31:12.975796018 NNPACK.cpp:56] Could not initialize NNPACK! Reason: Unsupported hardware.
[W526 11:31:12.978653403 NNPACK.cpp:56] Could not initialize NNPACK! Reason: Unsupported hardware.
[W526 11:31:12.978977262 NNPACK.cpp:56] Could not initialize NNPACK! Reason: Unsupported hardware.
[W526 11:31:12.979466996 NNPACK.cpp:56] Could not initialize NNPACK! Reason: Unsupported hardware.
[W526 11:31:12.980326963 NNPACK.cpp:56] Could not initialize NNPACK! Reason: Unsupported hardware.
[W526 11:31:13.984102215 NNPACK.cpp:56] Could not initialize NNPACK! Reason: Unsupported hardware.
[W526 11:31:13.985047739 NNPACK.cpp:56] Could not initialize NNPACK! Reason: Unsupported hardware.
[W526 11:31:13.988597750 NNPACK.cpp:56] Could not initialize NNPACK! Reason: Unsupported hardware.
[W526 11:31:13.989395698 NNPACK.cpp:56] Could not initialize NNPACK! Reason: Unsupported hardware.
[W526 11:31:13.992697909 NNPACK.cpp:56] Could not initialize NNPACK! Reason: Unsupported hardware.
[W526 11:31:13.993123807 NNPACK.cpp:56] Could not initialize NNPACK! Reason: Unsupported hardware.
[W526 11:31:13.993607674 NNPACK.cpp:56] Could not initialize NNPACK! Reason: Unsupported hardware.
[W526 11:31:13.994321461 NNPACK.cpp:56] Could not initialize NNPACK! Reason: Unsupported hardware.
[W526 11:31:13.998195750 NNPACK.cpp:56] Could not initialize NNPACK! Reason: Unsupported hardware.
[W526 11:31:13.998514929 NNPACK.cpp:56] Could not initialize NNPACK! Reason: Unsupported hardware.
[W526 11:31:13.005507254 NNPACK.cpp:56] Could not initialize NNPACK! Reason: Unsupported hardware.
[W526 11:31:13.008955645 NNPACK.cpp:56] Could not initialize NNPACK! Reason: Unsupported hardware.
[W526 11:31:13.009267700 NNPACK.cpp:56] Could not initialize NNPACK! Reason: Unsupported hardware.
[W526 11:31:13.010912973 NNPACK.cpp:56] Could not initialize NNPACK! Reason: Unsupported hardware.
[W526 11:31:13.016699542 NNPACK.cpp:56] Could not initialize NNPACK! Reason: Unsupported hardware.
[W526 11:31:13.016979680 NNPACK.cpp:56] Could not initialize NNPACK! Reason: Unsupported hardware.
[W526 11:31:13.017335456 NNPACK.cpp:56] Could not initialize NNPACK! Reason: Unsupported hardware.
[W526 11:31:13.021325263 NNPACK.cpp:56] Could not initialize NNPACK! Reason: Unsupported hardware.
[W526 11:31:13.029882683 NNPACK.cpp:56] Could not initialize NNPACK! Reason: Unsupported hardware.
[W526 11:31:13.032387645 NNPACK.cpp:56] Could not initialize NNPACK! Reason: Unsupported hardware.
[W526 11:31:13.032768565 NNPACK.cpp:56] Could not initialize NNPACK! Reason: Unsupported hardware.
[W526 11:31:13.033600735 NNPACK.cpp:56] Could not initialize NNPACK! Reason: Unsupported hardware.
[W526 11:31:13.043546269 NNPACK.cpp:56] Could not initialize NNPACK! Reason: Unsupported hardware.
[W526 11:31:13.043821448 NNPACK.cpp:56] Could not initialize NNPACK! Reason: Unsupported hardware.
[W526 11:31:13.044310902 NNPACK.cpp:56] Could not initialize NNPACK! Reason: Unsupported hardware.
[W526 11:31:13.046624426 NNPACK.cpp:56] Could not initialize NNPACK! Reason: Unsupported hardware.
[W526 11:31:13.064776633 NNPACK.cpp:56] Could not initialize NNPACK! Reason: Unsupported hardware.
[W526 11:31:13.064988744 NNPACK.cpp:56] Could not initialize NNPACK! Reason: Unsupported hardware.
[W526 11:31:13.070486725 NNPACK.cpp:56] Could not initialize NNPACK! Reason: Unsupported hardware.
[W526 11:31:13.076307796 NNPACK.cpp:56] Could not initialize NNPACK! Reason: Unsupported hardware.
[W526 11:31:13.076518091 NNPACK.cpp:56] Could not initialize NNPACK! Reason: Unsupported hardware.
[W526 11:31:13.077918567 NNPACK.cpp:56] Could not initialize NNPACK! Reason: Unsupported hardware.
[W526 11:31:26.204476721 NNPACK.cpp:56] Could not initialize NNPACK! Reason: Unsupported hardware.
[W526 11:31:26.205402759 NNPACK.cpp:56] Could not initialize NNPACK! Reason: Unsupported hardware.
[W526 11:31:26.256765167 NNPACK.cpp:56] Could not initialize NNPACK! Reason: Unsupported hardware.
[W526 11:31:26.257585604 NNPACK.cpp:56] Could not initialize NNPACK! Reason: Unsupported hardware.
[W526 11:31:26.408826615 NNPACK.cpp:56] Could not initialize NNPACK! Reason: Unsupported hardware.
[W526 11:31:26.743698539 NNPACK.cpp:56] Could not initialize NNPACK! Reason: Unsupported hardware.
[W526 11:31:26.751314137 NNPACK.cpp:56] Could not initialize NNPACK! Reason: Unsupported hardware.
[W526 11:31:26.757375816 NNPACK.cpp:56] Could not initialize NNPACK! Reason: Unsupported hardware.
[W526 11:31:31.886759983 NNPACK.cpp:56] Could not initialize NNPACK! Reason: Unsupported hardware.
[W526 11:31:31.887507575 NNPACK.cpp:56] Could not initialize NNPACK! Reason: Unsupported hardware.
[W526 11:31:32.262797442 NNPACK.cpp:56] Could not initialize NNPACK! Reason: Unsupported hardware.
[W526 11:31:32.263288433 NNPACK.cpp:56] Could not initialize NNPACK! Reason: Unsupported hardware.
[W526 11:31:32.796210030 NNPACK.cpp:56] Could not initialize NNPACK! Reason: Unsupported hardware.
[W526 11:31:32.796422909 NNPACK.cpp:56] Could not initialize NNPACK! Reason: Unsupported hardware.
[W526 11:31:32.802738255 NNPACK.cpp:56] Could not initialize NNPACK! Reason: Unsupported hardware.
[W526 11:31:32.802945058 NNPACK.cpp:56] Could not initialize NNPACK! Reason: Unsupported hardware.
[W526 11:31:32.816553960 NNPACK.cpp:56] Could not initialize NNPACK! Reason: Unsupported hardware.
[W526 11:31:32.816743721 NNPACK.cpp:56] Could not initialize NNPACK! Reason: Unsupported hardware.
[W526 11:31:32.877816720 NNPACK.cpp:56] Could not initialize NNPACK! Reason: Unsupported hardware.
[W526 11:31:32.878102026 NNPACK.cpp:56] Could not initialize NNPACK! Reason: Unsupported hardware.
[W526 11:31:33.003611696 NNPACK.cpp:56] Could not initialize NNPACK! Reason: Unsupported hardware.
[W526 11:31:33.003861591 NNPACK.cpp:56] Could not initialize NNPACK! Reason: Unsupported hardware.
[W526 11:31:33.014818374 NNPACK.cpp:56] Could not initialize NNPACK! Reason: Unsupported hardware.
[W526 11:31:33.015100467 NNPACK.cpp:56] Could not initialize NNPACK! Reason: Unsupported hardware.
[W526 11:31:33.043360249 NNPACK.cpp:56] Could not initialize NNPACK! Reason: Unsupported hardware.
[W526 11:31:33.043607351 NNPACK.cpp:56] Could not initialize NNPACK! Reason: Unsupported hardware.
[W526 11:31:33.162778419 NNPACK.cpp:56] Could not initialize NNPACK! Reason: Unsupported hardware.
[W526 11:31:33.163121344 NNPACK.cpp:56] Could not initialize NNPACK! Reason: Unsupported hardware.
[W526 11:32:13.958396415 NNPACK.cpp:56] Could not initialize NNPACK! Reason: Unsupported hardware.
[W526 11:32:13.958636323 NNPACK.cpp:56] Could not initialize NNPACK! Reason: Unsupported hardware.
[W526 11:32:14.081623489 NNPACK.cpp:56] Could not initialize NNPACK! Reason: Unsupported hardware.
[W526 11:32:14.081838813 NNPACK.cpp:56] Could not initialize NNPACK! Reason: Unsupported hardware.
[W526 11:32:14.636384045 NNPACK.cpp:56] Could not initialize NNPACK! Reason: Unsupported hardware.
[W526 11:32:14.636650074 NNPACK.cpp:56] Could not initialize NNPACK! Reason: Unsupported hardware.
[W526 11:32:14.645365623 NNPACK.cpp:56] Could not initialize NNPACK! Reason: Unsupported hardware.
[W526 11:32:14.645779648 NNPACK.cpp:56] Could not initialize NNPACK! Reason: Unsupported hardware.
[W526 11:32:14.664717035 NNPACK.cpp:56] Could not initialize NNPACK! Reason: Unsupported hardware.
[W526 11:32:14.664975381 NNPACK.cpp:56] Could not initialize NNPACK! Reason: Unsupported hardware.
[W526 11:32:14.735968458 NNPACK.cpp:56] Could not initialize NNPACK! Reason: Unsupported hardware.
[W526 11:32:14.736171420 NNPACK.cpp:56] Could not initialize NNPACK! Reason: Unsupported hardware.
[W526 11:32:14.868780828 NNPACK.cpp:56] Could not initialize NNPACK! Reason: Unsupported hardware.
[W526 11:32:14.868975967 NNPACK.cpp:56] Could not initialize NNPACK! Reason: Unsupported hardware.
[W526 11:32:14.880776799 NNPACK.cpp:56] Could not initialize NNPACK! Reason: Unsupported hardware.
[W526 11:32:14.880975570 NNPACK.cpp:56] Could not initialize NNPACK! Reason: Unsupported hardware.
[W526 11:32:14.920473059 NNPACK.cpp:56] Could not initialize NNPACK! Reason: Unsupported hardware.
[W526 11:32:14.920663449 NNPACK.cpp:56] Could not initialize NNPACK! Reason: Unsupported hardware.
[W526 11:32:15.072390088 NNPACK.cpp:56] Could not initialize NNPACK! Reason: Unsupported hardware.
[W526 11:32:15.072580478 NNPACK.cpp:56] Could not initialize NNPACK! Reason: Unsupported hardware.
[W526 11:33:19.455198793 NNPACK.cpp:56] Could not initialize NNPACK! Reason: Unsupported hardware.
[W526 11:33:19.458452747 NNPACK.cpp:56] Could not initialize NNPACK! Reason: Unsupported hardware.
[W526 11:33:19.720339072 NNPACK.cpp:56] Could not initialize NNPACK! Reason: Unsupported hardware.
[W526 11:33:19.720968771 NNPACK.cpp:56] Could not initialize NNPACK! Reason: Unsupported hardware.
[W526 11:33:20.524270274 NNPACK.cpp:56] Could not initialize NNPACK! Reason: Unsupported hardware.
[W526 11:33:20.525410101 NNPACK.cpp:56] Could not initialize NNPACK! Reason: Unsupported hardware.
[W526 11:33:20.541556252 NNPACK.cpp:56] Could not initialize NNPACK! Reason: Unsupported hardware.
[W526 11:33:20.542238891 NNPACK.cpp:56] Could not initialize NNPACK! Reason: Unsupported hardware.
[W526 11:33:20.573342685 NNPACK.cpp:56] Could not initialize NNPACK! Reason: Unsupported hardware.
[W526 11:33:20.574139865 NNPACK.cpp:56] Could not initialize NNPACK! Reason: Unsupported hardware.
[W526 11:33:20.662343747 NNPACK.cpp:56] Could not initialize NNPACK! Reason: Unsupported hardware.
[W526 11:33:20.664166911 NNPACK.cpp:56] Could not initialize NNPACK! Reason: Unsupported hardware.
[W526 11:33:20.791889680 NNPACK.cpp:56] Could not initialize NNPACK! Reason: Unsupported hardware.
[W526 11:33:20.792248460 NNPACK.cpp:56] Could not initialize NNPACK! Reason: Unsupported hardware.
[W526 11:33:20.814321361 NNPACK.cpp:56] Could not initialize NNPACK! Reason: Unsupported hardware.
[W526 11:33:20.814624407 NNPACK.cpp:56] Could not initialize NNPACK! Reason: Unsupported hardware.
[W526 11:33:20.873524681 NNPACK.cpp:56] Could not initialize NNPACK! Reason: Unsupported hardware.
[W526 11:33:20.873821232 NNPACK.cpp:56] Could not initialize NNPACK! Reason: Unsupported hardware.
[W526 11:33:21.037100942 NNPACK.cpp:56] Could not initialize NNPACK! Reason: Unsupported hardware.
[W526 11:33:21.037791753 NNPACK.cpp:56] Could not initialize NNPACK! Reason: Unsupported hardware.
[W526 11:33:23.914824266 NNPACK.cpp:56] Could not initialize NNPACK! Reason: Unsupported hardware.
[W526 11:33:23.918687455 NNPACK.cpp:56] Could not initialize NNPACK! Reason: Unsupported hardware.
[W526 11:33:23.919206873 NNPACK.cpp:56] Could not initialize NNPACK! Reason: Unsupported hardware.
[W526 11:33:23.919883156 NNPACK.cpp:56] Could not initialize NNPACK! Reason: Unsupported hardware.
[W526 11:33:23.920816319 NNPACK.cpp:56] Could not initialize NNPACK! Reason: Unsupported hardware.
[W526 11:33:23.923185371 NNPACK.cpp:56] Could not initialize NNPACK! Reason: Unsupported hardware.
[W526 11:33:23.924100865 NNPACK.cpp:56] Could not initialize NNPACK! Reason: Unsupported hardware.
[W526 11:33:23.928514900 NNPACK.cpp:56] Could not initialize NNPACK! Reason: Unsupported hardware.
[W526 11:33:23.929583977 NNPACK.cpp:56] Could not initialize NNPACK! Reason: Unsupported hardware.
[W526 11:33:23.933557657 NNPACK.cpp:56] Could not initialize NNPACK! Reason: Unsupported hardware.
[W526 11:33:23.934160675 NNPACK.cpp:56] Could not initialize NNPACK! Reason: Unsupported hardware.
[W526 11:33:23.934775567 NNPACK.cpp:56] Could not initialize NNPACK! Reason: Unsupported hardware.
[W526 11:33:23.935676673 NNPACK.cpp:56] Could not initialize NNPACK! Reason: Unsupported hardware.
[W526 11:33:23.938820277 NNPACK.cpp:56] Could not initialize NNPACK! Reason: Unsupported hardware.
[W526 11:33:23.939375942 NNPACK.cpp:56] Could not initialize NNPACK! Reason: Unsupported hardware.
[W526 11:33:23.941412475 NNPACK.cpp:56] Could not initialize NNPACK! Reason: Unsupported hardware.
[W526 11:33:23.947160080 NNPACK.cpp:56] Could not initialize NNPACK! Reason: Unsupported hardware.
[W526 11:33:23.947448668 NNPACK.cpp:56] Could not initialize NNPACK! Reason: Unsupported hardware.
[W526 11:33:23.950259543 NNPACK.cpp:56] Could not initialize NNPACK! Reason: Unsupported hardware.
[W526 11:33:23.953629785 NNPACK.cpp:56] Could not initialize NNPACK! Reason: Unsupported hardware.
[W526 11:33:23.953963212 NNPACK.cpp:56] Could not initialize NNPACK! Reason: Unsupported hardware.
[W526 11:33:23.954661635 NNPACK.cpp:56] Could not initialize NNPACK! Reason: Unsupported hardware.
[W526 11:33:23.956132375 NNPACK.cpp:56] Could not initialize NNPACK! Reason: Unsupported hardware.
[W526 11:33:23.958916361 NNPACK.cpp:56] Could not initialize NNPACK! Reason: Unsupported hardware.
[W526 11:33:23.959459874 NNPACK.cpp:56] Could not initialize NNPACK! Reason: Unsupported hardware.
[W526 11:33:23.959913500 NNPACK.cpp:56] Could not initialize NNPACK! Reason: Unsupported hardware.
[W526 11:33:23.962754337 NNPACK.cpp:56] Could not initialize NNPACK! Reason: Unsupported hardware.
[W526 11:33:23.967493907 NNPACK.cpp:56] Could not initialize NNPACK! Reason: Unsupported hardware.
[W526 11:33:23.968056976 NNPACK.cpp:56] Could not initialize NNPACK! Reason: Unsupported hardware.
[W526 11:33:23.968527155 NNPACK.cpp:56] Could not initialize NNPACK! Reason: Unsupported hardware.
[W526 11:33:23.969518357 NNPACK.cpp:56] Could not initialize NNPACK! Reason: Unsupported hardware.
[W526 11:33:23.974278531 NNPACK.cpp:56] Could not initialize NNPACK! Reason: Unsupported hardware.
[W526 11:33:23.974844045 NNPACK.cpp:56] Could not initialize NNPACK! Reason: Unsupported hardware.
[W526 11:33:23.979195013 NNPACK.cpp:56] Could not initialize NNPACK! Reason: Unsupported hardware.
[W526 11:33:24.984877664 NNPACK.cpp:56] Could not initialize NNPACK! Reason: Unsupported hardware.
[W526 11:33:24.985230578 NNPACK.cpp:56] Could not initialize NNPACK! Reason: Unsupported hardware.
[W526 11:33:24.987750419 NNPACK.cpp:56] Could not initialize NNPACK! Reason: Unsupported hardware.
[W526 11:34:05.485385815 NNPACK.cpp:56] Could not initialize NNPACK! Reason: Unsupported hardware.
[W526 11:34:05.789530930 NNPACK.cpp:56] Could not initialize NNPACK! Reason: Unsupported hardware.
[W526 11:34:05.847596543 NNPACK.cpp:56] Could not initialize NNPACK! Reason: Unsupported hardware.
[W526 11:34:05.847891068 NNPACK.cpp:56] Could not initialize NNPACK! Reason: Unsupported hardware.
[W526 11:34:06.006059223 NNPACK.cpp:56] Could not initialize NNPACK! Reason: Unsupported hardware.
[W526 11:34:06.011051625 NNPACK.cpp:56] Could not initialize NNPACK! Reason: Unsupported hardware.
[W526 11:34:06.016238188 NNPACK.cpp:56] Could not initialize NNPACK! Reason: Unsupported hardware.
[W526 11:34:45.681551980 NNPACK.cpp:56] Could not initialize NNPACK! Reason: Unsupported hardware.
[W526 11:34:45.754507589 NNPACK.cpp:56] Could not initialize NNPACK! Reason: Unsupported hardware.
[W526 11:34:47.016181090 NNPACK.cpp:56] Could not initialize NNPACK! Reason: Unsupported hardware.
[W526 11:34:47.034618013 NNPACK.cpp:56] Could not initialize NNPACK! Reason: Unsupported hardware.
[W526 11:34:51.345510363 NNPACK.cpp:56] Could not initialize NNPACK! Reason: Unsupported hardware.
[W526 11:34:51.478787729 NNPACK.cpp:56] Could not initialize NNPACK! Reason: Unsupported hardware.
[W526 11:34:51.526311424 NNPACK.cpp:56] Could not initialize NNPACK! Reason: Unsupported hardware.
[W526 11:34:51.528357177 NNPACK.cpp:56] Could not initialize NNPACK! Reason: Unsupported hardware.
[W526 11:34:51.578349311 NNPACK.cpp:56] Could not initialize NNPACK! Reason: Unsupported hardware.
[W526 11:34:51.578609125 NNPACK.cpp:56] Could not initialize NNPACK! Reason: Unsupported hardware.
[W526 11:34:51.774042865 NNPACK.cpp:56] Could not initialize NNPACK! Reason: Unsupported hardware.
[W526 11:34:51.775589594 NNPACK.cpp:56] Could not initialize NNPACK! Reason: Unsupported hardware.
[W526 11:34:52.235244425 NNPACK.cpp:56] Could not initialize NNPACK! Reason: Unsupported hardware.
[W526 11:34:52.235441380 NNPACK.cpp:56] Could not initialize NNPACK! Reason: Unsupported hardware.
[W526 11:34:52.302258826 NNPACK.cpp:56] Could not initialize NNPACK! Reason: Unsupported hardware.
[W526 11:34:52.336231351 NNPACK.cpp:56] Could not initialize NNPACK! Reason: Unsupported hardware.
[W526 11:34:52.383845561 NNPACK.cpp:56] Could not initialize NNPACK! Reason: Unsupported hardware.
[W526 11:34:52.384387888 NNPACK.cpp:56] Could not initialize NNPACK! Reason: Unsupported hardware.
[W526 11:34:52.741231441 NNPACK.cpp:56] Could not initialize NNPACK! Reason: Unsupported hardware.
[W526 11:34:52.741888448 NNPACK.cpp:56] Could not initialize NNPACK! Reason: Unsupported hardware.
[W526 11:35:46.034208369 NNPACK.cpp:56] Could not initialize NNPACK! Reason: Unsupported hardware.
[W526 11:35:46.072227299 NNPACK.cpp:56] Could not initialize NNPACK! Reason: Unsupported hardware.
[W526 11:35:46.277270738 NNPACK.cpp:56] Could not initialize NNPACK! Reason: Unsupported hardware.
[W526 11:35:46.277531181 NNPACK.cpp:56] Could not initialize NNPACK! Reason: Unsupported hardware.
[W526 11:35:47.036336992 NNPACK.cpp:56] Could not initialize NNPACK! Reason: Unsupported hardware.
[W526 11:35:47.036623765 NNPACK.cpp:56] Could not initialize NNPACK! Reason: Unsupported hardware.
[W526 11:35:47.205473049 NNPACK.cpp:56] Could not initialize NNPACK! Reason: Unsupported hardware.
[W526 11:35:47.205997496 NNPACK.cpp:56] Could not initialize NNPACK! Reason: Unsupported hardware.
[W526 11:35:47.240974020 NNPACK.cpp:56] Could not initialize NNPACK! Reason: Unsupported hardware.
[W526 11:35:47.241366534 NNPACK.cpp:56] Could not initialize NNPACK! Reason: Unsupported hardware.
[W526 11:35:47.346424896 NNPACK.cpp:56] Could not initialize NNPACK! Reason: Unsupported hardware.
[W526 11:35:47.346647694 NNPACK.cpp:56] Could not initialize NNPACK! Reason: Unsupported hardware.
[W526 11:35:48.278892421 NNPACK.cpp:56] Could not initialize NNPACK! Reason: Unsupported hardware.
[W526 11:35:48.279347863 NNPACK.cpp:56] Could not initialize NNPACK! Reason: Unsupported hardware.
[W526 11:35:48.297744356 NNPACK.cpp:56] Could not initialize NNPACK! Reason: Unsupported hardware.
[W526 11:35:48.299812949 NNPACK.cpp:56] Could not initialize NNPACK! Reason: Unsupported hardware.
[W526 11:35:48.357199601 NNPACK.cpp:56] Could not initialize NNPACK! Reason: Unsupported hardware.
[W526 11:35:48.357411782 NNPACK.cpp:56] Could not initialize NNPACK! Reason: Unsupported hardware.
[W526 11:35:48.604073903 NNPACK.cpp:56] Could not initialize NNPACK! Reason: Unsupported hardware.
[W526 11:35:48.604364378 NNPACK.cpp:56] Could not initialize NNPACK! Reason: Unsupported hardware.
[W526 11:35:51.390178251 NNPACK.cpp:56] Could not initialize NNPACK! Reason: Unsupported hardware.
[W526 11:35:51.392426269 NNPACK.cpp:56] Could not initialize NNPACK! Reason: Unsupported hardware.
[W526 11:35:51.678799119 NNPACK.cpp:56] Could not initialize NNPACK! Reason: Unsupported hardware.
[W526 11:35:51.679292975 NNPACK.cpp:56] Could not initialize NNPACK! Reason: Unsupported hardware.
[W526 11:35:51.679888661 NNPACK.cpp:56] Could not initialize NNPACK! Reason: Unsupported hardware.
[W526 11:35:51.681818407 NNPACK.cpp:56] Could not initialize NNPACK! Reason: Unsupported hardware.
[W526 11:35:51.682642548 NNPACK.cpp:56] Could not initialize NNPACK! Reason: Unsupported hardware.
[W526 11:35:51.684895664 NNPACK.cpp:56] Could not initialize NNPACK! Reason: Unsupported hardware.
[W526 11:35:51.685717570 NNPACK.cpp:56] Could not initialize NNPACK! Reason: Unsupported hardware.
[W526 11:35:51.688413697 NNPACK.cpp:56] Could not initialize NNPACK! Reason: Unsupported hardware.
[W526 11:35:51.688749709 NNPACK.cpp:56] Could not initialize NNPACK! Reason: Unsupported hardware.
[W526 11:35:51.689235043 NNPACK.cpp:56] Could not initialize NNPACK! Reason: Unsupported hardware.
[W526 11:35:51.691052832 NNPACK.cpp:56] Could not initialize NNPACK! Reason: Unsupported hardware.
[W526 11:35:51.694115911 NNPACK.cpp:56] Could not initialize NNPACK! Reason: Unsupported hardware.
[W526 11:35:51.694422519 NNPACK.cpp:56] Could not initialize NNPACK! Reason: Unsupported hardware.
[W526 11:35:51.696120668 NNPACK.cpp:56] Could not initialize NNPACK! Reason: Unsupported hardware.
[W526 11:35:51.698984556 NNPACK.cpp:56] Could not initialize NNPACK! Reason: Unsupported hardware.
[W526 11:35:51.699326924 NNPACK.cpp:56] Could not initialize NNPACK! Reason: Unsupported hardware.
[W526 11:35:51.701363599 NNPACK.cpp:56] Could not initialize NNPACK! Reason: Unsupported hardware.
[W526 11:35:51.704027808 NNPACK.cpp:56] Could not initialize NNPACK! Reason: Unsupported hardware.
[W526 11:35:51.704347826 NNPACK.cpp:56] Could not initialize NNPACK! Reason: Unsupported hardware.
[W526 11:35:51.704744321 NNPACK.cpp:56] Could not initialize NNPACK! Reason: Unsupported hardware.
[W526 11:35:51.705503578 NNPACK.cpp:56] Could not initialize NNPACK! Reason: Unsupported hardware.
[W526 11:35:51.708166460 NNPACK.cpp:56] Could not initialize NNPACK! Reason: Unsupported hardware.
[W526 11:35:51.708466224 NNPACK.cpp:56] Could not initialize NNPACK! Reason: Unsupported hardware.
[W526 11:35:51.708855386 NNPACK.cpp:56] Could not initialize NNPACK! Reason: Unsupported hardware.
[W526 11:35:51.709614782 NNPACK.cpp:56] Could not initialize NNPACK! Reason: Unsupported hardware.
[W526 11:35:51.712496271 NNPACK.cpp:56] Could not initialize NNPACK! Reason: Unsupported hardware.
[W526 11:35:51.712804765 NNPACK.cpp:56] Could not initialize NNPACK! Reason: Unsupported hardware.
[W526 11:35:51.713244493 NNPACK.cpp:56] Could not initialize NNPACK! Reason: Unsupported hardware.
[W526 11:35:51.714072265 NNPACK.cpp:56] Could not initialize NNPACK! Reason: Unsupported hardware.
[W526 11:35:51.717883287 NNPACK.cpp:56] Could not initialize NNPACK! Reason: Unsupported hardware.
[W526 11:35:51.718236270 NNPACK.cpp:56] Could not initialize NNPACK! Reason: Unsupported hardware.
[W526 11:35:51.748912179 NNPACK.cpp:56] Could not initialize NNPACK! Reason: Unsupported hardware.
[W526 11:35:51.753478825 NNPACK.cpp:56] Could not initialize NNPACK! Reason: Unsupported hardware.
[W526 11:35:51.753854787 NNPACK.cpp:56] Could not initialize NNPACK! Reason: Unsupported hardware.
[W526 11:35:51.756059363 NNPACK.cpp:56] Could not initialize NNPACK! Reason: Unsupported hardware.
[W526 11:36:40.467700638 NNPACK.cpp:56] Could not initialize NNPACK! Reason: Unsupported hardware.
[W526 11:36:40.467935797 NNPACK.cpp:56] Could not initialize NNPACK! Reason: Unsupported hardware.
[W526 11:36:40.537805410 NNPACK.cpp:56] Could not initialize NNPACK! Reason: Unsupported hardware.
[W526 11:36:40.538073116 NNPACK.cpp:56] Could not initialize NNPACK! Reason: Unsupported hardware.
[W526 11:36:40.663055749 NNPACK.cpp:56] Could not initialize NNPACK! Reason: Unsupported hardware.
[W526 11:36:40.883655482 NNPACK.cpp:56] Could not initialize NNPACK! Reason: Unsupported hardware.
[W526 11:36:40.890857634 NNPACK.cpp:56] Could not initialize NNPACK! Reason: Unsupported hardware.
[W526 11:36:40.896821271 NNPACK.cpp:56] Could not initialize NNPACK! Reason: Unsupported hardware.
[W526 11:36:44.279871526 NNPACK.cpp:56] Could not initialize NNPACK! Reason: Unsupported hardware.
[W526 11:36:44.280268929 NNPACK.cpp:56] Could not initialize NNPACK! Reason: Unsupported hardware.
[W526 11:36:44.409872202 NNPACK.cpp:56] Could not initialize NNPACK! Reason: Unsupported hardware.
[W526 11:36:44.410247536 NNPACK.cpp:56] Could not initialize NNPACK! Reason: Unsupported hardware.
[W526 11:36:44.747856278 NNPACK.cpp:56] Could not initialize NNPACK! Reason: Unsupported hardware.
[W526 11:36:44.748211636 NNPACK.cpp:56] Could not initialize NNPACK! Reason: Unsupported hardware.
[W526 11:36:44.753802803 NNPACK.cpp:56] Could not initialize NNPACK! Reason: Unsupported hardware.
[W526 11:36:44.754147755 NNPACK.cpp:56] Could not initialize NNPACK! Reason: Unsupported hardware.
[W526 11:36:44.765600380 NNPACK.cpp:56] Could not initialize NNPACK! Reason: Unsupported hardware.
[W526 11:36:44.766360196 NNPACK.cpp:56] Could not initialize NNPACK! Reason: Unsupported hardware.
[W526 11:36:44.801650815 NNPACK.cpp:56] Could not initialize NNPACK! Reason: Unsupported hardware.
[W526 11:36:44.801847841 NNPACK.cpp:56] Could not initialize NNPACK! Reason: Unsupported hardware.
[W526 11:36:44.858452419 NNPACK.cpp:56] Could not initialize NNPACK! Reason: Unsupported hardware.
[W526 11:36:44.858694143 NNPACK.cpp:56] Could not initialize NNPACK! Reason: Unsupported hardware.
[W526 11:36:44.911130105 NNPACK.cpp:56] Could not initialize NNPACK! Reason: Unsupported hardware.
[W526 11:36:44.911330344 NNPACK.cpp:56] Could not initialize NNPACK! Reason: Unsupported hardware.
[W526 11:36:44.935596892 NNPACK.cpp:56] Could not initialize NNPACK! Reason: Unsupported hardware.
[W526 11:36:44.935805511 NNPACK.cpp:56] Could not initialize NNPACK! Reason: Unsupported hardware.
[W526 11:36:45.028063470 NNPACK.cpp:56] Could not initialize NNPACK! Reason: Unsupported hardware.
[W526 11:36:45.028256236 NNPACK.cpp:56] Could not initialize NNPACK! Reason: Unsupported hardware.
[W526 11:37:36.990325796 NNPACK.cpp:56] Could not initialize NNPACK! Reason: Unsupported hardware.
[W526 11:37:36.991934337 NNPACK.cpp:56] Could not initialize NNPACK! Reason: Unsupported hardware.
[W526 11:37:36.225466945 NNPACK.cpp:56] Could not initialize NNPACK! Reason: Unsupported hardware.
[W526 11:37:36.226131007 NNPACK.cpp:56] Could not initialize NNPACK! Reason: Unsupported hardware.
[W526 11:37:36.973266962 NNPACK.cpp:56] Could not initialize NNPACK! Reason: Unsupported hardware.
[W526 11:37:36.974112475 NNPACK.cpp:56] Could not initialize NNPACK! Reason: Unsupported hardware.
[W526 11:37:37.996281103 NNPACK.cpp:56] Could not initialize NNPACK! Reason: Unsupported hardware.
[W526 11:37:37.996814630 NNPACK.cpp:56] Could not initialize NNPACK! Reason: Unsupported hardware.
[W526 11:37:37.024562064 NNPACK.cpp:56] Could not initialize NNPACK! Reason: Unsupported hardware.
[W526 11:37:37.025469318 NNPACK.cpp:56] Could not initialize NNPACK! Reason: Unsupported hardware.
[W526 11:37:37.107589603 NNPACK.cpp:56] Could not initialize NNPACK! Reason: Unsupported hardware.
[W526 11:37:37.108364226 NNPACK.cpp:56] Could not initialize NNPACK! Reason: Unsupported hardware.
[W526 11:37:37.266708694 NNPACK.cpp:56] Could not initialize NNPACK! Reason: Unsupported hardware.
[W526 11:37:37.267095203 NNPACK.cpp:56] Could not initialize NNPACK! Reason: Unsupported hardware.
[W526 11:37:37.281582765 NNPACK.cpp:56] Could not initialize NNPACK! Reason: Unsupported hardware.
[W526 11:37:37.281868561 NNPACK.cpp:56] Could not initialize NNPACK! Reason: Unsupported hardware.
[W526 11:37:37.325649312 NNPACK.cpp:56] Could not initialize NNPACK! Reason: Unsupported hardware.
[W526 11:37:37.325910942 NNPACK.cpp:56] Could not initialize NNPACK! Reason: Unsupported hardware.
[W526 11:37:37.516532618 NNPACK.cpp:56] Could not initialize NNPACK! Reason: Unsupported hardware.
[W526 11:37:37.516749339 NNPACK.cpp:56] Could not initialize NNPACK! Reason: Unsupported hardware.
[+] Figuras encontradas: 13
  [+] fig_001 → fig_001_no_caption.png
  [+] fig_002 → fig_002_no_caption.png
  [+] fig_003 → fig_003_no_caption.png
  [+] fig_004 → fig_004_Fig_1__Experimental_setup_with_simulta.png
  [+] fig_005 → fig_005_the_WAXS_from_the_sample_At_negative_de.png
  [+] fig_006 → fig_006_Fig_2__Temporal_evolution_of_the_WAXS_.png
  [+] fig_007 → fig_007_used_as_the_reference_in_the_evaluation_.png
  [+] fig_008 → fig_008_Fig_4__Examples_of_time_resolved_diffe.png
  [+] fig_009 → fig_009_Fig_5__Laser_fl_uence_dependence_Radi.png
  [+] fig_010 → fig_010_Fig_6__Snapshots_of_atomic_con_fi_gura.png
  [+] fig_011 → fig_011_no_caption.png
  [+] fig_012 → fig_012_no_caption.png
  [+] fig_013 → fig_013_Fig_9__Depth-resolved_dynamics_of_nano.png
[+] Imágenes guardadas en: /media/admin/ALMACEN_GRANDE_1/ilovepappers/pappers/Ablacion_laser_descomposicion_nanoescala_Sun_2025_figures/images
[+] JSON guardado en: /media/admin/ALMACEN_GRANDE_1/ilovepappers/pappers/Ablacion_laser_descomposicion_nanoescala_Sun_2025_figures/figures.json
[+] Markdown guardado en: /media/admin/ALMACEN_GRANDE_1/ilovepappers/pappers/Ablacion_laser_descomposicion_nanoescala_Sun_2025_figures/figures.md
[+] TXT guardado en: /media/admin/ALMACEN_GRANDE_1/ilovepappers/pappers/Ablacion_laser_descomposicion_nanoescala_Sun_2025_figures/captions.txt
[+] CSV guardado en: /media/admin/ALMACEN_GRANDE_1/ilovepappers/pappers/Ablacion_laser_descomposicion_nanoescala_Sun_2025_figures/captions.csv

✓ Extracción completada.
Salida: /media/admin/ALMACEN_GRANDE_1/ilovepappers/pappers/Ablacion_laser_descomposicion_nanoescala_Sun_2025_figures
    OK

[3] >>> Autoencoder_SOAP_cascadas_FeNiCr_DelFre_2025.pdf
[32m[INFO] 2026-05-26 11:43:00,621 [RapidOCR] base.py:22: Using engine_name: torch[0m
[32m[INFO] 2026-05-26 11:43:00,668 [RapidOCR] device_config.py:57: Using CPU device[0m
[32m[INFO] 2026-05-26 11:43:00,999 [RapidOCR] download_file.py:60: File exists and is valid: /home/admin/miniconda3/lib/python3.12/site-packages/rapidocr/models/ch_PP-OCRv4_det_mobile.pth[0m
[32m[INFO] 2026-05-26 11:43:01,001 [RapidOCR] main.py:50: Using /home/admin/miniconda3/lib/python3.12/site-packages/rapidocr/models/ch_PP-OCRv4_det_mobile.pth[0m
[32m[INFO] 2026-05-26 11:43:02,387 [RapidOCR] base.py:22: Using engine_name: torch[0m
[32m[INFO] 2026-05-26 11:43:02,390 [RapidOCR] device_config.py:57: Using CPU device[0m
[32m[INFO] 2026-05-26 11:43:02,435 [RapidOCR] download_file.py:60: File exists and is valid: /home/admin/miniconda3/lib/python3.12/site-packages/rapidocr/models/ch_ptocr_mobile_v2.0_cls_mobile.pth[0m
[32m[INFO] 2026-05-26 11:43:02,435 [RapidOCR] main.py:50: Using /home/admin/miniconda3/lib/python3.12/site-packages/rapidocr/models/ch_ptocr_mobile_v2.0_cls_mobile.pth[0m
[32m[INFO] 2026-05-26 11:43:02,659 [RapidOCR] base.py:22: Using engine_name: torch[0m
[32m[INFO] 2026-05-26 11:43:02,660 [RapidOCR] device_config.py:57: Using CPU device[0m
[32m[INFO] 2026-05-26 11:43:03,287 [RapidOCR] download_file.py:60: File exists and is valid: /home/admin/miniconda3/lib/python3.12/site-packages/rapidocr/models/ch_PP-OCRv4_rec_mobile.pth[0m
[32m[INFO] 2026-05-26 11:43:03,288 [RapidOCR] main.py:50: Using /home/admin/miniconda3/lib/python3.12/site-packages/rapidocr/models/ch_PP-OCRv4_rec_mobile.pth[0m
[+] Procesando PDF: Autoencoder_SOAP_cascadas_FeNiCr_DelFre_2025.pdf
Loading weights:   0%|          | 0/770 [00:00<?, ?it/s]Loading weights: 100%|██████████| 770/770 [00:00<00:00, 10127.86it/s]
[W526 11:43:45.381735615 NNPACK.cpp:56] Could not initialize NNPACK! Reason: Unsupported hardware.
[W526 11:43:45.895608362 NNPACK.cpp:56] Could not initialize NNPACK! Reason: Unsupported hardware.
[W526 11:43:46.358670217 NNPACK.cpp:56] Could not initialize NNPACK! Reason: Unsupported hardware.
[W526 11:43:46.358989119 NNPACK.cpp:56] Could not initialize NNPACK! Reason: Unsupported hardware.
[W526 11:43:47.286050817 NNPACK.cpp:56] Could not initialize NNPACK! Reason: Unsupported hardware.
[W526 11:43:47.286665572 NNPACK.cpp:56] Could not initialize NNPACK! Reason: Unsupported hardware.
[W526 11:43:47.338694099 NNPACK.cpp:56] Could not initialize NNPACK! Reason: Unsupported hardware.
[W526 11:43:47.339097230 NNPACK.cpp:56] Could not initialize NNPACK! Reason: Unsupported hardware.
[W526 11:43:47.357558090 NNPACK.cpp:56] Could not initialize NNPACK! Reason: Unsupported hardware.
[W526 11:43:47.357886280 NNPACK.cpp:56] Could not initialize NNPACK! Reason: Unsupported hardware.
[W526 11:43:47.469522721 NNPACK.cpp:56] Could not initialize NNPACK! Reason: Unsupported hardware.
[W526 11:43:47.469883877 NNPACK.cpp:56] Could not initialize NNPACK! Reason: Unsupported hardware.
[W526 11:43:47.808593824 NNPACK.cpp:56] Could not initialize NNPACK! Reason: Unsupported hardware.
[W526 11:43:47.808846235 NNPACK.cpp:56] Could not initialize NNPACK! Reason: Unsupported hardware.
[W526 11:43:47.821920695 NNPACK.cpp:56] Could not initialize NNPACK! Reason: Unsupported hardware.
[W526 11:43:47.822381796 NNPACK.cpp:56] Could not initialize NNPACK! Reason: Unsupported hardware.
[W526 11:43:47.870305466 NNPACK.cpp:56] Could not initialize NNPACK! Reason: Unsupported hardware.
[W526 11:43:47.870512688 NNPACK.cpp:56] Could not initialize NNPACK! Reason: Unsupported hardware.
[W526 11:43:48.117032812 NNPACK.cpp:56] Could not initialize NNPACK! Reason: Unsupported hardware.
[W526 11:43:48.117267343 NNPACK.cpp:56] Could not initialize NNPACK! Reason: Unsupported hardware.
[W526 11:44:41.323851979 NNPACK.cpp:56] Could not initialize NNPACK! Reason: Unsupported hardware.
[W526 11:44:41.324812873 NNPACK.cpp:56] Could not initialize NNPACK! Reason: Unsupported hardware.
[W526 11:44:41.463507465 NNPACK.cpp:56] Could not initialize NNPACK! Reason: Unsupported hardware.
[W526 11:44:41.466810810 NNPACK.cpp:56] Could not initialize NNPACK! Reason: Unsupported hardware.
[W526 11:44:42.090082125 NNPACK.cpp:56] Could not initialize NNPACK! Reason: Unsupported hardware.
[W526 11:44:42.090292141 NNPACK.cpp:56] Could not initialize NNPACK! Reason: Unsupported hardware.
[W526 11:44:42.100065773 NNPACK.cpp:56] Could not initialize NNPACK! Reason: Unsupported hardware.
[W526 11:44:42.100269713 NNPACK.cpp:56] Could not initialize NNPACK! Reason: Unsupported hardware.
[W526 11:44:42.122413445 NNPACK.cpp:56] Could not initialize NNPACK! Reason: Unsupported hardware.
[W526 11:44:42.122718168 NNPACK.cpp:56] Could not initialize NNPACK! Reason: Unsupported hardware.
[W526 11:44:42.209602832 NNPACK.cpp:56] Could not initialize NNPACK! Reason: Unsupported hardware.
[W526 11:44:42.209845535 NNPACK.cpp:56] Could not initialize NNPACK! Reason: Unsupported hardware.
[W526 11:44:42.454585826 NNPACK.cpp:56] Could not initialize NNPACK! Reason: Unsupported hardware.
[W526 11:44:42.454857234 NNPACK.cpp:56] Could not initialize NNPACK! Reason: Unsupported hardware.
[W526 11:44:42.492556725 NNPACK.cpp:56] Could not initialize NNPACK! Reason: Unsupported hardware.
[W526 11:44:42.492813676 NNPACK.cpp:56] Could not initialize NNPACK! Reason: Unsupported hardware.
[W526 11:44:42.586734632 NNPACK.cpp:56] Could not initialize NNPACK! Reason: Unsupported hardware.
[W526 11:44:42.587030345 NNPACK.cpp:56] Could not initialize NNPACK! Reason: Unsupported hardware.
[W526 11:44:43.035676412 NNPACK.cpp:56] Could not initialize NNPACK! Reason: Unsupported hardware.
[W526 11:44:43.036828605 NNPACK.cpp:56] Could not initialize NNPACK! Reason: Unsupported hardware.
=== Inicio: mar 26 may 2026 11:58:15 -03 ===

[1] >>> Autoencoder_SOAP_cascadas_FeNiCr_DelFre_2025.pdf
[32m[INFO] 2026-05-26 11:59:38,894 [RapidOCR] base.py:22: Using engine_name: torch[0m
[32m[INFO] 2026-05-26 11:59:39,035 [RapidOCR] device_config.py:57: Using CPU device[0m
[32m[INFO] 2026-05-26 11:59:39,445 [RapidOCR] download_file.py:60: File exists and is valid: /home/admin/miniconda3/lib/python3.12/site-packages/rapidocr/models/ch_PP-OCRv4_det_mobile.pth[0m
[32m[INFO] 2026-05-26 11:59:39,448 [RapidOCR] main.py:50: Using /home/admin/miniconda3/lib/python3.12/site-packages/rapidocr/models/ch_PP-OCRv4_det_mobile.pth[0m
[32m[INFO] 2026-05-26 11:59:41,677 [RapidOCR] base.py:22: Using engine_name: torch[0m
[32m[INFO] 2026-05-26 11:59:41,677 [RapidOCR] device_config.py:57: Using CPU device[0m
[32m[INFO] 2026-05-26 11:59:41,717 [RapidOCR] download_file.py:60: File exists and is valid: /home/admin/miniconda3/lib/python3.12/site-packages/rapidocr/models/ch_ptocr_mobile_v2.0_cls_mobile.pth[0m
[32m[INFO] 2026-05-26 11:59:41,718 [RapidOCR] main.py:50: Using /home/admin/miniconda3/lib/python3.12/site-packages/rapidocr/models/ch_ptocr_mobile_v2.0_cls_mobile.pth[0m
[32m[INFO] 2026-05-26 11:59:42,091 [RapidOCR] base.py:22: Using engine_name: torch[0m
[32m[INFO] 2026-05-26 11:59:42,092 [RapidOCR] device_config.py:57: Using CPU device[0m
[32m[INFO] 2026-05-26 11:59:43,080 [RapidOCR] download_file.py:60: File exists and is valid: /home/admin/miniconda3/lib/python3.12/site-packages/rapidocr/models/ch_PP-OCRv4_rec_mobile.pth[0m
[32m[INFO] 2026-05-26 11:59:43,080 [RapidOCR] main.py:50: Using /home/admin/miniconda3/lib/python3.12/site-packages/rapidocr/models/ch_PP-OCRv4_rec_mobile.pth[0m
[+] Procesando PDF: Autoencoder_SOAP_cascadas_FeNiCr_DelFre_2025.pdf
Loading weights:   0%|          | 0/770 [00:00<?, ?it/s]Loading weights:   1%|          | 9/770 [00:00<00:15, 48.25it/s]Loading weights:   9%|▊         | 67/770 [00:00<00:03, 194.60it/s]Loading weights:  27%|██▋       | 210/770 [00:00<00:01, 552.02it/s]Loading weights:  36%|███▋      | 281/770 [00:01<00:02, 172.28it/s]Loading weights:  44%|████▍     | 341/770 [00:01<00:02, 209.18it/s]Loading weights:  50%|█████     | 386/770 [00:01<00:01, 227.20it/s]Loading weights:  55%|█████▌    | 426/770 [00:01<00:01, 236.92it/s]Loading weights:  68%|██████▊   | 525/770 [00:02<00:00, 338.42it/s]Loading weights:  75%|███████▍  | 574/770 [00:02<00:00, 362.96it/s]Loading weights:  81%|████████  | 621/770 [00:02<00:00, 317.67it/s]Loading weights:  86%|████████▋ | 665/770 [00:02<00:00, 316.11it/s]Loading weights:  92%|█████████▏| 709/770 [00:02<00:00, 316.22it/s]Loading weights: 100%|██████████| 770/770 [00:02<00:00, 293.03it/s]
[W526 12:00:57.337069259 NNPACK.cpp:56] Could not initialize NNPACK! Reason: Unsupported hardware.
[W526 12:00:57.674050726 NNPACK.cpp:56] Could not initialize NNPACK! Reason: Unsupported hardware.
[W526 12:00:57.935393800 NNPACK.cpp:56] Could not initialize NNPACK! Reason: Unsupported hardware.
[W526 12:00:57.935795254 NNPACK.cpp:56] Could not initialize NNPACK! Reason: Unsupported hardware.
[W526 12:01:00.365024059 NNPACK.cpp:56] Could not initialize NNPACK! Reason: Unsupported hardware.
[W526 12:01:00.432924476 NNPACK.cpp:56] Could not initialize NNPACK! Reason: Unsupported hardware.
[W526 12:01:00.666581473 NNPACK.cpp:56] Could not initialize NNPACK! Reason: Unsupported hardware.
[W526 12:01:00.669652163 NNPACK.cpp:56] Could not initialize NNPACK! Reason: Unsupported hardware.
[W526 12:01:00.704660379 NNPACK.cpp:56] Could not initialize NNPACK! Reason: Unsupported hardware.
[W526 12:01:00.704893792 NNPACK.cpp:56] Could not initialize NNPACK! Reason: Unsupported hardware.
[W526 12:01:00.815074903 NNPACK.cpp:56] Could not initialize NNPACK! Reason: Unsupported hardware.
[W526 12:01:00.816324453 NNPACK.cpp:56] Could not initialize NNPACK! Reason: Unsupported hardware.
[W526 12:01:01.119240581 NNPACK.cpp:56] Could not initialize NNPACK! Reason: Unsupported hardware.
[W526 12:01:01.119458420 NNPACK.cpp:56] Could not initialize NNPACK! Reason: Unsupported hardware.
[W526 12:01:01.134231830 NNPACK.cpp:56] Could not initialize NNPACK! Reason: Unsupported hardware.
[W526 12:01:01.134422011 NNPACK.cpp:56] Could not initialize NNPACK! Reason: Unsupported hardware.
[W526 12:01:01.196420048 NNPACK.cpp:56] Could not initialize NNPACK! Reason: Unsupported hardware.
[W526 12:01:01.196662261 NNPACK.cpp:56] Could not initialize NNPACK! Reason: Unsupported hardware.
[W526 12:01:01.387164419 NNPACK.cpp:56] Could not initialize NNPACK! Reason: Unsupported hardware.
[W526 12:01:01.387615112 NNPACK.cpp:56] Could not initialize NNPACK! Reason: Unsupported hardware.
[W526 12:02:13.010587509 NNPACK.cpp:56] Could not initialize NNPACK! Reason: Unsupported hardware.
[W526 12:02:13.026509971 NNPACK.cpp:56] Could not initialize NNPACK! Reason: Unsupported hardware.
[W526 12:02:13.246624878 NNPACK.cpp:56] Could not initialize NNPACK! Reason: Unsupported hardware.
[W526 12:02:13.355896115 NNPACK.cpp:56] Could not initialize NNPACK! Reason: Unsupported hardware.
[W526 12:02:14.854290198 NNPACK.cpp:56] Could not initialize NNPACK! Reason: Unsupported hardware.
[W526 12:02:14.854759469 NNPACK.cpp:56] Could not initialize NNPACK! Reason: Unsupported hardware.
[W526 12:02:14.889582055 NNPACK.cpp:56] Could not initialize NNPACK! Reason: Unsupported hardware.
[W526 12:02:14.890194573 NNPACK.cpp:56] Could not initialize NNPACK! Reason: Unsupported hardware.
[W526 12:02:14.914985623 NNPACK.cpp:56] Could not initialize NNPACK! Reason: Unsupported hardware.
[W526 12:02:14.915287552 NNPACK.cpp:56] Could not initialize NNPACK! Reason: Unsupported hardware.
[W526 12:02:15.072606384 NNPACK.cpp:56] Could not initialize NNPACK! Reason: Unsupported hardware.
[W526 12:02:15.072951476 NNPACK.cpp:56] Could not initialize NNPACK! Reason: Unsupported hardware.
[W526 12:02:15.321235712 NNPACK.cpp:56] Could not initialize NNPACK! Reason: Unsupported hardware.
[W526 12:02:15.321442306 NNPACK.cpp:56] Could not initialize NNPACK! Reason: Unsupported hardware.
[W526 12:02:15.334301969 NNPACK.cpp:56] Could not initialize NNPACK! Reason: Unsupported hardware.
[W526 12:02:15.334510867 NNPACK.cpp:56] Could not initialize NNPACK! Reason: Unsupported hardware.
[W526 12:02:15.384207092 NNPACK.cpp:56] Could not initialize NNPACK! Reason: Unsupported hardware.
[W526 12:02:15.384481991 NNPACK.cpp:56] Could not initialize NNPACK! Reason: Unsupported hardware.
[W526 12:02:15.620145356 NNPACK.cpp:56] Could not initialize NNPACK! Reason: Unsupported hardware.
[W526 12:02:15.620915228 NNPACK.cpp:56] Could not initialize NNPACK! Reason: Unsupported hardware.
[W526 12:02:47.315260739 NNPACK.cpp:56] Could not initialize NNPACK! Reason: Unsupported hardware.
[W526 12:02:47.315569233 NNPACK.cpp:56] Could not initialize NNPACK! Reason: Unsupported hardware.
[W526 12:02:47.524270520 NNPACK.cpp:56] Could not initialize NNPACK! Reason: Unsupported hardware.
[W526 12:02:47.524656469 NNPACK.cpp:56] Could not initialize NNPACK! Reason: Unsupported hardware.
[W526 12:02:48.265738058 NNPACK.cpp:56] Could not initialize NNPACK! Reason: Unsupported hardware.
[W526 12:02:48.266364963 NNPACK.cpp:56] Could not initialize NNPACK! Reason: Unsupported hardware.
[W526 12:02:48.278537588 NNPACK.cpp:56] Could not initialize NNPACK! Reason: Unsupported hardware.
[W526 12:02:48.278807320 NNPACK.cpp:56] Could not initialize NNPACK! Reason: Unsupported hardware.
[W526 12:02:48.304112204 NNPACK.cpp:56] Could not initialize NNPACK! Reason: Unsupported hardware.
[W526 12:02:48.304531538 NNPACK.cpp:56] Could not initialize NNPACK! Reason: Unsupported hardware.
[W526 12:02:48.421826566 NNPACK.cpp:56] Could not initialize NNPACK! Reason: Unsupported hardware.
[W526 12:02:48.422406677 NNPACK.cpp:56] Could not initialize NNPACK! Reason: Unsupported hardware.
[W526 12:02:48.573877274 NNPACK.cpp:56] Could not initialize NNPACK! Reason: Unsupported hardware.
[W526 12:02:48.574266576 NNPACK.cpp:56] Could not initialize NNPACK! Reason: Unsupported hardware.
[W526 12:02:48.589228148 NNPACK.cpp:56] Could not initialize NNPACK! Reason: Unsupported hardware.
[W526 12:02:48.589763630 NNPACK.cpp:56] Could not initialize NNPACK! Reason: Unsupported hardware.
[W526 12:02:48.646225076 NNPACK.cpp:56] Could not initialize NNPACK! Reason: Unsupported hardware.
[W526 12:02:48.646629604 NNPACK.cpp:56] Could not initialize NNPACK! Reason: Unsupported hardware.
[W526 12:02:48.916899564 NNPACK.cpp:56] Could not initialize NNPACK! Reason: Unsupported hardware.
[W526 12:02:48.917494762 NNPACK.cpp:56] Could not initialize NNPACK! Reason: Unsupported hardware.
[W526 12:03:05.430706181 NNPACK.cpp:56] Could not initialize NNPACK! Reason: Unsupported hardware.
[W526 12:03:05.432356278 NNPACK.cpp:56] Could not initialize NNPACK! Reason: Unsupported hardware.
[W526 12:03:05.604316695 NNPACK.cpp:56] Could not initialize NNPACK! Reason: Unsupported hardware.
[W526 12:03:05.604962388 NNPACK.cpp:56] Could not initialize NNPACK! Reason: Unsupported hardware.
[W526 12:03:06.531038365 NNPACK.cpp:56] Could not initialize NNPACK! Reason: Unsupported hardware.
[W526 12:03:06.531293360 NNPACK.cpp:56] Could not initialize NNPACK! Reason: Unsupported hardware.
[W526 12:03:06.546850339 NNPACK.cpp:56] Could not initialize NNPACK! Reason: Unsupported hardware.
[W526 12:03:06.547332043 NNPACK.cpp:56] Could not initialize NNPACK! Reason: Unsupported hardware.
[W526 12:03:06.572449053 NNPACK.cpp:56] Could not initialize NNPACK! Reason: Unsupported hardware.
[W526 12:03:06.572834932 NNPACK.cpp:56] Could not initialize NNPACK! Reason: Unsupported hardware.
[W526 12:03:06.673317710 NNPACK.cpp:56] Could not initialize NNPACK! Reason: Unsupported hardware.
[W526 12:03:06.673540507 NNPACK.cpp:56] Could not initialize NNPACK! Reason: Unsupported hardware.
[W526 12:03:06.928365952 NNPACK.cpp:56] Could not initialize NNPACK! Reason: Unsupported hardware.
[W526 12:03:06.928737514 NNPACK.cpp:56] Could not initialize NNPACK! Reason: Unsupported hardware.
[W526 12:03:06.962101028 NNPACK.cpp:56] Could not initialize NNPACK! Reason: Unsupported hardware.
[W526 12:03:06.962322917 NNPACK.cpp:56] Could not initialize NNPACK! Reason: Unsupported hardware.
[W526 12:03:07.045025351 NNPACK.cpp:56] Could not initialize NNPACK! Reason: Unsupported hardware.
[W526 12:03:07.045284397 NNPACK.cpp:56] Could not initialize NNPACK! Reason: Unsupported hardware.
[W526 12:03:07.284732777 NNPACK.cpp:56] Could not initialize NNPACK! Reason: Unsupported hardware.
[W526 12:03:07.286217906 NNPACK.cpp:56] Could not initialize NNPACK! Reason: Unsupported hardware.
[W526 12:03:59.660829132 NNPACK.cpp:56] Could not initialize NNPACK! Reason: Unsupported hardware.
[W526 12:03:59.661332207 NNPACK.cpp:56] Could not initialize NNPACK! Reason: Unsupported hardware.
[W526 12:03:59.822909600 NNPACK.cpp:56] Could not initialize NNPACK! Reason: Unsupported hardware.
[W526 12:03:59.823567655 NNPACK.cpp:56] Could not initialize NNPACK! Reason: Unsupported hardware.
[W526 12:04:00.440264874 NNPACK.cpp:56] Could not initialize NNPACK! Reason: Unsupported hardware.
[W526 12:04:00.441510863 NNPACK.cpp:56] Could not initialize NNPACK! Reason: Unsupported hardware.
[W526 12:04:00.455573567 NNPACK.cpp:56] Could not initialize NNPACK! Reason: Unsupported hardware.
[W526 12:04:00.456149139 NNPACK.cpp:56] Could not initialize NNPACK! Reason: Unsupported hardware.
[W526 12:04:00.484265187 NNPACK.cpp:56] Could not initialize NNPACK! Reason: Unsupported hardware.
[W526 12:04:00.484764631 NNPACK.cpp:56] Could not initialize NNPACK! Reason: Unsupported hardware.
[W526 12:04:00.568311964 NNPACK.cpp:56] Could not initialize NNPACK! Reason: Unsupported hardware.
[W526 12:04:00.574049031 NNPACK.cpp:56] Could not initialize NNPACK! Reason: Unsupported hardware.
[W526 12:04:00.728097340 NNPACK.cpp:56] Could not initialize NNPACK! Reason: Unsupported hardware.
[W526 12:04:00.728572967 NNPACK.cpp:56] Could not initialize NNPACK! Reason: Unsupported hardware.
[W526 12:04:00.739321019 NNPACK.cpp:56] Could not initialize NNPACK! Reason: Unsupported hardware.
[W526 12:04:00.739584325 NNPACK.cpp:56] Could not initialize NNPACK! Reason: Unsupported hardware.
[W526 12:04:00.787525567 NNPACK.cpp:56] Could not initialize NNPACK! Reason: Unsupported hardware.
[W526 12:04:00.787829312 NNPACK.cpp:56] Could not initialize NNPACK! Reason: Unsupported hardware.
[W526 12:04:00.930245992 NNPACK.cpp:56] Could not initialize NNPACK! Reason: Unsupported hardware.
[W526 12:04:00.932345456 NNPACK.cpp:56] Could not initialize NNPACK! Reason: Unsupported hardware.
RapidOCR returned empty result!
[+] Figuras encontradas: 8
  [+] fig_001 → fig_001_no_caption.png
  [+] fig_002 → fig_002_Figure_1_Schematic_representation_of_th.png
  [+] fig_003 → fig_003_Figure_2_Log-log_histogram_of_per-atom_.png
  [+] fig_004 → fig_004_Figure_3_Example_of_outlier_detection_i.png
  [+] fig_005 → fig_005_Figure_4_a_Two-dimensional_UMAP_proje.png
  [+] fig_006 → fig_006_Figure_5_Cluster-identification_CID_s.png
  [+] fig_007 → fig_007_Figure_6_Correlation_between_the_number.png
  [+] fig_008 → fig_008_Table_4_Recall_of_six_conventional_dete.png
[+] Imágenes guardadas en: /media/admin/ALMACEN_GRANDE_1/ilovepappers/pappers/Autoencoder_SOAP_cascadas_FeNiCr_DelFre_2025_figures/images
[+] JSON guardado en: /media/admin/ALMACEN_GRANDE_1/ilovepappers/pappers/Autoencoder_SOAP_cascadas_FeNiCr_DelFre_2025_figures/figures.json
[+] Markdown guardado en: /media/admin/ALMACEN_GRANDE_1/ilovepappers/pappers/Autoencoder_SOAP_cascadas_FeNiCr_DelFre_2025_figures/figures.md
[+] TXT guardado en: /media/admin/ALMACEN_GRANDE_1/ilovepappers/pappers/Autoencoder_SOAP_cascadas_FeNiCr_DelFre_2025_figures/captions.txt
[+] CSV guardado en: /media/admin/ALMACEN_GRANDE_1/ilovepappers/pappers/Autoencoder_SOAP_cascadas_FeNiCr_DelFre_2025_figures/captions.csv

✓ Extracción completada.
Salida: /media/admin/ALMACEN_GRANDE_1/ilovepappers/pappers/Autoencoder_SOAP_cascadas_FeNiCr_DelFre_2025_figures
    FAIL

[2] >>> Backpropagation_Rumelhart_Hinton_Williams_1986.pdf
[32m[INFO] 2026-05-26 12:09:37,090 [RapidOCR] base.py:22: Using engine_name: torch[0m
[32m[INFO] 2026-05-26 12:09:37,248 [RapidOCR] device_config.py:57: Using CPU device[0m
[32m[INFO] 2026-05-26 12:09:37,643 [RapidOCR] download_file.py:60: File exists and is valid: /home/admin/miniconda3/lib/python3.12/site-packages/rapidocr/models/ch_PP-OCRv4_det_mobile.pth[0m
[32m[INFO] 2026-05-26 12:09:37,644 [RapidOCR] main.py:50: Using /home/admin/miniconda3/lib/python3.12/site-packages/rapidocr/models/ch_PP-OCRv4_det_mobile.pth[0m
[32m[INFO] 2026-05-26 12:09:38,782 [RapidOCR] base.py:22: Using engine_name: torch[0m
[32m[INFO] 2026-05-26 12:09:38,783 [RapidOCR] device_config.py:57: Using CPU device[0m
[32m[INFO] 2026-05-26 12:09:38,871 [RapidOCR] download_file.py:60: File exists and is valid: /home/admin/miniconda3/lib/python3.12/site-packages/rapidocr/models/ch_ptocr_mobile_v2.0_cls_mobile.pth[0m
[32m[INFO] 2026-05-26 12:09:38,872 [RapidOCR] main.py:50: Using /home/admin/miniconda3/lib/python3.12/site-packages/rapidocr/models/ch_ptocr_mobile_v2.0_cls_mobile.pth[0m
[32m[INFO] 2026-05-26 12:09:39,018 [RapidOCR] base.py:22: Using engine_name: torch[0m
[32m[INFO] 2026-05-26 12:09:39,019 [RapidOCR] device_config.py:57: Using CPU device[0m
[32m[INFO] 2026-05-26 12:09:39,563 [RapidOCR] download_file.py:60: File exists and is valid: /home/admin/miniconda3/lib/python3.12/site-packages/rapidocr/models/ch_PP-OCRv4_rec_mobile.pth[0m
[32m[INFO] 2026-05-26 12:09:39,564 [RapidOCR] main.py:50: Using /home/admin/miniconda3/lib/python3.12/site-packages/rapidocr/models/ch_PP-OCRv4_rec_mobile.pth[0m
[+] Procesando PDF: Backpropagation_Rumelhart_Hinton_Williams_1986.pdf
Loading weights:   0%|          | 0/770 [00:00<?, ?it/s]Loading weights:  85%|████████▌ | 657/770 [00:00<00:00, 6567.58it/s]Loading weights: 100%|██████████| 770/770 [00:00<00:00, 6545.74it/s]
[W526 12:09:55.714665473 NNPACK.cpp:56] Could not initialize NNPACK! Reason: Unsupported hardware.
[W526 12:09:55.715596334 NNPACK.cpp:56] Could not initialize NNPACK! Reason: Unsupported hardware.
[W526 12:09:55.872364155 NNPACK.cpp:56] Could not initialize NNPACK! Reason: Unsupported hardware.
[W526 12:09:55.872647576 NNPACK.cpp:56] Could not initialize NNPACK! Reason: Unsupported hardware.
[W526 12:09:56.581909644 NNPACK.cpp:56] Could not initialize NNPACK! Reason: Unsupported hardware.
[W526 12:09:56.582194951 NNPACK.cpp:56] Could not initialize NNPACK! Reason: Unsupported hardware.
[W526 12:09:56.591966683 NNPACK.cpp:56] Could not initialize NNPACK! Reason: Unsupported hardware.
[W526 12:09:56.592217068 NNPACK.cpp:56] Could not initialize NNPACK! Reason: Unsupported hardware.
[W526 12:09:56.615175482 NNPACK.cpp:56] Could not initialize NNPACK! Reason: Unsupported hardware.
[W526 12:09:56.615367060 NNPACK.cpp:56] Could not initialize NNPACK! Reason: Unsupported hardware.
[W526 12:09:56.734976303 NNPACK.cpp:56] Could not initialize NNPACK! Reason: Unsupported hardware.
[W526 12:09:56.735194351 NNPACK.cpp:56] Could not initialize NNPACK! Reason: Unsupported hardware.
[W526 12:09:56.937478732 NNPACK.cpp:56] Could not initialize NNPACK! Reason: Unsupported hardware.
[W526 12:09:56.937653269 NNPACK.cpp:56] Could not initialize NNPACK! Reason: Unsupported hardware.
[W526 12:09:56.951435497 NNPACK.cpp:56] Could not initialize NNPACK! Reason: Unsupported hardware.
[W526 12:09:56.951796582 NNPACK.cpp:56] Could not initialize NNPACK! Reason: Unsupported hardware.
[W526 12:09:57.003872050 NNPACK.cpp:56] Could not initialize NNPACK! Reason: Unsupported hardware.
[W526 12:09:57.004216793 NNPACK.cpp:56] Could not initialize NNPACK! Reason: Unsupported hardware.
[W526 12:09:57.217495080 NNPACK.cpp:56] Could not initialize NNPACK! Reason: Unsupported hardware.
[W526 12:09:57.217686938 NNPACK.cpp:56] Could not initialize NNPACK! Reason: Unsupported hardware.
[W526 12:13:04.380970478 NNPACK.cpp:56] Could not initialize NNPACK! Reason: Unsupported hardware.
[W526 12:13:04.381558971 NNPACK.cpp:56] Could not initialize NNPACK! Reason: Unsupported hardware.
[W526 12:13:04.538673810 NNPACK.cpp:56] Could not initialize NNPACK! Reason: Unsupported hardware.
[W526 12:13:04.538922449 NNPACK.cpp:56] Could not initialize NNPACK! Reason: Unsupported hardware.
[W526 12:13:05.291192941 NNPACK.cpp:56] Could not initialize NNPACK! Reason: Unsupported hardware.
[W526 12:13:05.291411967 NNPACK.cpp:56] Could not initialize NNPACK! Reason: Unsupported hardware.
[W526 12:13:05.302119522 NNPACK.cpp:56] Could not initialize NNPACK! Reason: Unsupported hardware.
[W526 12:13:05.302319691 NNPACK.cpp:56] Could not initialize NNPACK! Reason: Unsupported hardware.
[W526 12:13:05.325856406 NNPACK.cpp:56] Could not initialize NNPACK! Reason: Unsupported hardware.
[W526 12:13:05.326073895 NNPACK.cpp:56] Could not initialize NNPACK! Reason: Unsupported hardware.
[W526 12:13:05.440543109 NNPACK.cpp:56] Could not initialize NNPACK! Reason: Unsupported hardware.
[W526 12:13:05.440738668 NNPACK.cpp:56] Could not initialize NNPACK! Reason: Unsupported hardware.
[W526 12:13:05.646755833 NNPACK.cpp:56] Could not initialize NNPACK! Reason: Unsupported hardware.
[W526 12:13:05.646954395 NNPACK.cpp:56] Could not initialize NNPACK! Reason: Unsupported hardware.
[W526 12:13:05.662438409 NNPACK.cpp:56] Could not initialize NNPACK! Reason: Unsupported hardware.
[W526 12:13:05.662640324 NNPACK.cpp:56] Could not initialize NNPACK! Reason: Unsupported hardware.
[W526 12:13:05.718026688 NNPACK.cpp:56] Could not initialize NNPACK! Reason: Unsupported hardware.
[W526 12:13:05.718237683 NNPACK.cpp:56] Could not initialize NNPACK! Reason: Unsupported hardware.
[W526 12:13:05.956339168 NNPACK.cpp:56] Could not initialize NNPACK! Reason: Unsupported hardware.
[W526 12:13:05.956541292 NNPACK.cpp:56] Could not initialize NNPACK! Reason: Unsupported hardware.
[W526 12:13:09.807516298 NNPACK.cpp:56] Could not initialize NNPACK! Reason: Unsupported hardware.
[W526 12:13:09.810644684 NNPACK.cpp:56] Could not initialize NNPACK! Reason: Unsupported hardware.
[W526 12:13:10.101196426 NNPACK.cpp:56] Could not initialize NNPACK! Reason: Unsupported hardware.
[W526 12:13:10.101542286 NNPACK.cpp:56] Could not initialize NNPACK! Reason: Unsupported hardware.
[W526 12:13:10.102069108 NNPACK.cpp:56] Could not initialize NNPACK! Reason: Unsupported hardware.
[W526 12:13:10.104872726 NNPACK.cpp:56] Could not initialize NNPACK! Reason: Unsupported hardware.
[W526 12:13:10.105448997 NNPACK.cpp:56] Could not initialize NNPACK! Reason: Unsupported hardware.
[W526 12:13:10.107726072 NNPACK.cpp:56] Could not initialize NNPACK! Reason: Unsupported hardware.
[W526 12:13:10.108246748 NNPACK.cpp:56] Could not initialize NNPACK! Reason: Unsupported hardware.
[W526 12:13:10.110645489 NNPACK.cpp:56] Could not initialize NNPACK! Reason: Unsupported hardware.
[W526 12:13:10.110873594 NNPACK.cpp:56] Could not initialize NNPACK! Reason: Unsupported hardware.
[W526 12:13:10.111148494 NNPACK.cpp:56] Could not initialize NNPACK! Reason: Unsupported hardware.
[W526 12:13:10.111554489 NNPACK.cpp:56] Could not initialize NNPACK! Reason: Unsupported hardware.
[W526 12:13:10.114363834 NNPACK.cpp:56] Could not initialize NNPACK! Reason: Unsupported hardware.
[W526 12:13:10.114575247 NNPACK.cpp:56] Could not initialize NNPACK! Reason: Unsupported hardware.
[W526 12:13:10.116532653 NNPACK.cpp:56] Could not initialize NNPACK! Reason: Unsupported hardware.
[W526 12:13:10.118347860 NNPACK.cpp:56] Could not initialize NNPACK! Reason: Unsupported hardware.
[W526 12:13:10.118557178 NNPACK.cpp:56] Could not initialize NNPACK! Reason: Unsupported hardware.
[W526 12:13:10.119513043 NNPACK.cpp:56] Could not initialize NNPACK! Reason: Unsupported hardware.
[W526 12:13:10.122157489 NNPACK.cpp:56] Could not initialize NNPACK! Reason: Unsupported hardware.
[W526 12:13:10.122347810 NNPACK.cpp:56] Could not initialize NNPACK! Reason: Unsupported hardware.
[W526 12:13:10.122585275 NNPACK.cpp:56] Could not initialize NNPACK! Reason: Unsupported hardware.
[W526 12:13:10.123056572 NNPACK.cpp:56] Could not initialize NNPACK! Reason: Unsupported hardware.
[W526 12:13:10.125555607 NNPACK.cpp:56] Could not initialize NNPACK! Reason: Unsupported hardware.
[W526 12:13:10.125744461 NNPACK.cpp:56] Could not initialize NNPACK! Reason: Unsupported hardware.
[W526 12:13:10.125964185 NNPACK.cpp:56] Could not initialize NNPACK! Reason: Unsupported hardware.
[W526 12:13:10.126416485 NNPACK.cpp:56] Could not initialize NNPACK! Reason: Unsupported hardware.
[W526 12:13:10.129196776 NNPACK.cpp:56] Could not initialize NNPACK! Reason: Unsupported hardware.
[W526 12:13:10.129413497 NNPACK.cpp:56] Could not initialize NNPACK! Reason: Unsupported hardware.
[W526 12:13:10.129654803 NNPACK.cpp:56] Could not initialize NNPACK! Reason: Unsupported hardware.
[W526 12:13:10.130183301 NNPACK.cpp:56] Could not initialize NNPACK! Reason: Unsupported hardware.
[W526 12:13:10.133731231 NNPACK.cpp:56] Could not initialize NNPACK! Reason: Unsupported hardware.
[W526 12:13:10.133951724 NNPACK.cpp:56] Could not initialize NNPACK! Reason: Unsupported hardware.
[W526 12:13:10.136105597 NNPACK.cpp:56] Could not initialize NNPACK! Reason: Unsupported hardware.
[W526 12:13:10.138539678 NNPACK.cpp:56] Could not initialize NNPACK! Reason: Unsupported hardware.
[W526 12:13:10.138754863 NNPACK.cpp:56] Could not initialize NNPACK! Reason: Unsupported hardware.
[W526 12:13:10.140961537 NNPACK.cpp:56] Could not initialize NNPACK! Reason: Unsupported hardware.
[W526 12:15:38.900999295 NNPACK.cpp:56] Could not initialize NNPACK! Reason: Unsupported hardware.
[W526 12:15:38.901759600 NNPACK.cpp:56] Could not initialize NNPACK! Reason: Unsupported hardware.
[W526 12:15:39.048585472 NNPACK.cpp:56] Could not initialize NNPACK! Reason: Unsupported hardware.
[W526 12:15:39.048843819 NNPACK.cpp:56] Could not initialize NNPACK! Reason: Unsupported hardware.
[W526 12:15:39.456616069 NNPACK.cpp:56] Could not initialize NNPACK! Reason: Unsupported hardware.
[W526 12:15:39.469032741 NNPACK.cpp:56] Could not initialize NNPACK! Reason: Unsupported hardware.
[W526 12:15:39.475559245 NNPACK.cpp:56] Could not initialize NNPACK! Reason: Unsupported hardware.
[W526 12:15:47.330031004 NNPACK.cpp:56] Could not initialize NNPACK! Reason: Unsupported hardware.
[W526 12:15:47.330256526 NNPACK.cpp:56] Could not initialize NNPACK! Reason: Unsupported hardware.
[W526 12:15:47.489190367 NNPACK.cpp:56] Could not initialize NNPACK! Reason: Unsupported hardware.
[W526 12:15:47.489431952 NNPACK.cpp:56] Could not initialize NNPACK! Reason: Unsupported hardware.
[W526 12:15:48.207273132 NNPACK.cpp:56] Could not initialize NNPACK! Reason: Unsupported hardware.
[W526 12:15:48.207472532 NNPACK.cpp:56] Could not initialize NNPACK! Reason: Unsupported hardware.
[W526 12:15:48.218246299 NNPACK.cpp:56] Could not initialize NNPACK! Reason: Unsupported hardware.
[W526 12:15:48.218440461 NNPACK.cpp:56] Could not initialize NNPACK! Reason: Unsupported hardware.
[W526 12:15:48.242345529 NNPACK.cpp:56] Could not initialize NNPACK! Reason: Unsupported hardware.
[W526 12:15:48.242532847 NNPACK.cpp:56] Could not initialize NNPACK! Reason: Unsupported hardware.
[W526 12:15:48.359801227 NNPACK.cpp:56] Could not initialize NNPACK! Reason: Unsupported hardware.
[W526 12:15:48.359991618 NNPACK.cpp:56] Could not initialize NNPACK! Reason: Unsupported hardware.
[W526 12:15:48.563118381 NNPACK.cpp:56] Could not initialize NNPACK! Reason: Unsupported hardware.
[W526 12:15:48.563330214 NNPACK.cpp:56] Could not initialize NNPACK! Reason: Unsupported hardware.
[W526 12:15:48.578546733 NNPACK.cpp:56] Could not initialize NNPACK! Reason: Unsupported hardware.
[W526 12:15:48.578872409 NNPACK.cpp:56] Could not initialize NNPACK! Reason: Unsupported hardware.
[W526 12:15:48.634088925 NNPACK.cpp:56] Could not initialize NNPACK! Reason: Unsupported hardware.
[W526 12:15:48.634396791 NNPACK.cpp:56] Could not initialize NNPACK! Reason: Unsupported hardware.
[W526 12:15:48.871979731 NNPACK.cpp:56] Could not initialize NNPACK! Reason: Unsupported hardware.
[W526 12:15:48.872307642 NNPACK.cpp:56] Could not initialize NNPACK! Reason: Unsupported hardware.
    FAIL

[3] >>> CarNet_tensores_cartesianos_Chen_2025.pdf
[32m[INFO] 2026-05-26 12:19:07,840 [RapidOCR] base.py:22: Using engine_name: torch[0m
[32m[INFO] 2026-05-26 12:19:07,887 [RapidOCR] device_config.py:57: Using CPU device[0m
[32m[INFO] 2026-05-26 12:19:08,031 [RapidOCR] download_file.py:60: File exists and is valid: /home/admin/miniconda3/lib/python3.12/site-packages/rapidocr/models/ch_PP-OCRv4_det_mobile.pth[0m
[32m[INFO] 2026-05-26 12:19:08,032 [RapidOCR] main.py:50: Using /home/admin/miniconda3/lib/python3.12/site-packages/rapidocr/models/ch_PP-OCRv4_det_mobile.pth[0m
[32m[INFO] 2026-05-26 12:19:08,696 [RapidOCR] base.py:22: Using engine_name: torch[0m
[32m[INFO] 2026-05-26 12:19:08,697 [RapidOCR] device_config.py:57: Using CPU device[0m
[32m[INFO] 2026-05-26 12:19:08,700 [RapidOCR] download_file.py:60: File exists and is valid: /home/admin/miniconda3/lib/python3.12/site-packages/rapidocr/models/ch_ptocr_mobile_v2.0_cls_mobile.pth[0m
[32m[INFO] 2026-05-26 12:19:08,700 [RapidOCR] main.py:50: Using /home/admin/miniconda3/lib/python3.12/site-packages/rapidocr/models/ch_ptocr_mobile_v2.0_cls_mobile.pth[0m
[32m[INFO] 2026-05-26 12:19:08,832 [RapidOCR] base.py:22: Using engine_name: torch[0m
[32m[INFO] 2026-05-26 12:19:08,833 [RapidOCR] device_config.py:57: Using CPU device[0m
[32m[INFO] 2026-05-26 12:19:08,935 [RapidOCR] download_file.py:60: File exists and is valid: /home/admin/miniconda3/lib/python3.12/site-packages/rapidocr/models/ch_PP-OCRv4_rec_mobile.pth[0m
[32m[INFO] 2026-05-26 12:19:08,936 [RapidOCR] main.py:50: Using /home/admin/miniconda3/lib/python3.12/site-packages/rapidocr/models/ch_PP-OCRv4_rec_mobile.pth[0m
[+] Procesando PDF: CarNet_tensores_cartesianos_Chen_2025.pdf
Loading weights:   0%|          | 0/770 [00:00<?, ?it/s]Loading weights:  81%|████████  | 621/770 [00:00<00:00, 6187.23it/s]Loading weights: 100%|██████████| 770/770 [00:00<00:00, 6473.48it/s]
[W526 12:19:22.559026825 NNPACK.cpp:56] Could not initialize NNPACK! Reason: Unsupported hardware.
[W526 12:19:22.561440932 NNPACK.cpp:56] Could not initialize NNPACK! Reason: Unsupported hardware.
[W526 12:19:22.708743780 NNPACK.cpp:56] Could not initialize NNPACK! Reason: Unsupported hardware.
[W526 12:19:22.711277597 NNPACK.cpp:56] Could not initialize NNPACK! Reason: Unsupported hardware.
[W526 12:19:24.353827646 NNPACK.cpp:56] Could not initialize NNPACK! Reason: Unsupported hardware.
[W526 12:19:24.354197113 NNPACK.cpp:56] Could not initialize NNPACK! Reason: Unsupported hardware.
[W526 12:19:24.388317212 NNPACK.cpp:56] Could not initialize NNPACK! Reason: Unsupported hardware.
[W526 12:19:24.388570112 NNPACK.cpp:56] Could not initialize NNPACK! Reason: Unsupported hardware.
[W526 12:19:24.414036583 NNPACK.cpp:56] Could not initialize NNPACK! Reason: Unsupported hardware.
[W526 12:19:24.414319934 NNPACK.cpp:56] Could not initialize NNPACK! Reason: Unsupported hardware.
[W526 12:19:24.452267754 NNPACK.cpp:56] Could not initialize NNPACK! Reason: Unsupported hardware.
[W526 12:19:24.452461986 NNPACK.cpp:56] Could not initialize NNPACK! Reason: Unsupported hardware.
[W526 12:19:24.548708061 NNPACK.cpp:56] Could not initialize NNPACK! Reason: Unsupported hardware.
[W526 12:19:24.551293771 NNPACK.cpp:56] Could not initialize NNPACK! Reason: Unsupported hardware.
[W526 12:19:24.569248469 NNPACK.cpp:56] Could not initialize NNPACK! Reason: Unsupported hardware.
[W526 12:19:24.569468752 NNPACK.cpp:56] Could not initialize NNPACK! Reason: Unsupported hardware.
[W526 12:19:24.594879070 NNPACK.cpp:56] Could not initialize NNPACK! Reason: Unsupported hardware.
[W526 12:19:24.596117797 NNPACK.cpp:56] Could not initialize NNPACK! Reason: Unsupported hardware.
[W526 12:19:24.681588357 NNPACK.cpp:56] Could not initialize NNPACK! Reason: Unsupported hardware.
[W526 12:19:24.681792716 NNPACK.cpp:56] Could not initialize NNPACK! Reason: Unsupported hardware.
[W526 12:19:25.989297139 NNPACK.cpp:56] Could not initialize NNPACK! Reason: Unsupported hardware.
[W526 12:19:25.997103299 NNPACK.cpp:56] Could not initialize NNPACK! Reason: Unsupported hardware.
[W526 12:19:25.998559865 NNPACK.cpp:56] Could not initialize NNPACK! Reason: Unsupported hardware.
[W526 12:19:25.000693205 NNPACK.cpp:56] Could not initialize NNPACK! Reason: Unsupported hardware.
[W526 12:19:25.004736598 NNPACK.cpp:56] Could not initialize NNPACK! Reason: Unsupported hardware.
[W526 12:19:25.016935922 NNPACK.cpp:56] Could not initialize NNPACK! Reason: Unsupported hardware.
[W526 12:19:25.017450662 NNPACK.cpp:56] Could not initialize NNPACK! Reason: Unsupported hardware.
[W526 12:19:25.021334325 NNPACK.cpp:56] Could not initialize NNPACK! Reason: Unsupported hardware.
[W526 12:19:25.023587934 NNPACK.cpp:56] Could not initialize NNPACK! Reason: Unsupported hardware.
[W526 12:19:25.030677859 NNPACK.cpp:56] Could not initialize NNPACK! Reason: Unsupported hardware.
[W526 12:19:25.032403318 NNPACK.cpp:56] Could not initialize NNPACK! Reason: Unsupported hardware.
[W526 12:19:25.032735978 NNPACK.cpp:56] Could not initialize NNPACK! Reason: Unsupported hardware.
[W526 12:19:25.034797800 NNPACK.cpp:56] Could not initialize NNPACK! Reason: Unsupported hardware.
[W526 12:19:25.048614677 NNPACK.cpp:56] Could not initialize NNPACK! Reason: Unsupported hardware.
[W526 12:19:25.048859894 NNPACK.cpp:56] Could not initialize NNPACK! Reason: Unsupported hardware.
[W526 12:19:25.055219405 NNPACK.cpp:56] Could not initialize NNPACK! Reason: Unsupported hardware.
[W526 12:19:25.059866447 NNPACK.cpp:56] Could not initialize NNPACK! Reason: Unsupported hardware.
[W526 12:19:25.060075835 NNPACK.cpp:56] Could not initialize NNPACK! Reason: Unsupported hardware.
[W526 12:19:25.062980656 NNPACK.cpp:56] Could not initialize NNPACK! Reason: Unsupported hardware.
[W526 12:19:25.072557673 NNPACK.cpp:56] Could not initialize NNPACK! Reason: Unsupported hardware.
[W526 12:19:25.073030507 NNPACK.cpp:56] Could not initialize NNPACK! Reason: Unsupported hardware.
[W526 12:19:25.074024086 NNPACK.cpp:56] Could not initialize NNPACK! Reason: Unsupported hardware.
[W526 12:19:25.076314083 NNPACK.cpp:56] Could not initialize NNPACK! Reason: Unsupported hardware.
[W526 12:19:25.083776617 NNPACK.cpp:56] Could not initialize NNPACK! Reason: Unsupported hardware.
[W526 12:19:25.083994037 NNPACK.cpp:56] Could not initialize NNPACK! Reason: Unsupported hardware.
[W526 12:19:25.225076291 NNPACK.cpp:56] Could not initialize NNPACK! Reason: Unsupported hardware.
[W526 12:19:25.225671419 NNPACK.cpp:56] Could not initialize NNPACK! Reason: Unsupported hardware.
[W526 12:19:25.258926309 NNPACK.cpp:56] Could not initialize NNPACK! Reason: Unsupported hardware.
[W526 12:19:25.259162377 NNPACK.cpp:56] Could not initialize NNPACK! Reason: Unsupported hardware.
[W526 12:19:25.259366876 NNPACK.cpp:56] Could not initialize NNPACK! Reason: Unsupported hardware.
[W526 12:19:25.266664931 NNPACK.cpp:56] Could not initialize NNPACK! Reason: Unsupported hardware.
[W526 12:19:25.310539657 NNPACK.cpp:56] Could not initialize NNPACK! Reason: Unsupported hardware.
[W526 12:19:25.310774957 NNPACK.cpp:56] Could not initialize NNPACK! Reason: Unsupported hardware.
[W526 12:19:25.320409105 NNPACK.cpp:56] Could not initialize NNPACK! Reason: Unsupported hardware.
[W526 12:19:25.340387420 NNPACK.cpp:56] Could not initialize NNPACK! Reason: Unsupported hardware.
[W526 12:19:25.342129432 NNPACK.cpp:56] Could not initialize NNPACK! Reason: Unsupported hardware.
[W526 12:19:25.350895507 NNPACK.cpp:56] Could not initialize NNPACK! Reason: Unsupported hardware.
[W526 12:19:26.883857046 NNPACK.cpp:56] Could not initialize NNPACK! Reason: Unsupported hardware.
[W526 12:19:26.884082428 NNPACK.cpp:56] Could not initialize NNPACK! Reason: Unsupported hardware.
[W526 12:19:27.399829190 NNPACK.cpp:56] Could not initialize NNPACK! Reason: Unsupported hardware.
[W526 12:19:27.402024341 NNPACK.cpp:56] Could not initialize NNPACK! Reason: Unsupported hardware.
[W526 12:19:27.673931844 NNPACK.cpp:56] Could not initialize NNPACK! Reason: Unsupported hardware.
[W526 12:19:27.677697823 NNPACK.cpp:56] Could not initialize NNPACK! Reason: Unsupported hardware.
[W526 12:19:28.236370221 NNPACK.cpp:56] Could not initialize NNPACK! Reason: Unsupported hardware.
[W526 12:19:28.266604004 NNPACK.cpp:56] Could not initialize NNPACK! Reason: Unsupported hardware.
[W526 12:19:29.896939367 NNPACK.cpp:56] Could not initialize NNPACK! Reason: Unsupported hardware.
[W526 12:19:29.897901029 NNPACK.cpp:56] Could not initialize NNPACK! Reason: Unsupported hardware.
[W526 12:19:29.951401871 NNPACK.cpp:56] Could not initialize NNPACK! Reason: Unsupported hardware.
[W526 12:19:29.951954745 NNPACK.cpp:56] Could not initialize NNPACK! Reason: Unsupported hardware.
[W526 12:19:30.203821983 NNPACK.cpp:56] Could not initialize NNPACK! Reason: Unsupported hardware.
[W526 12:19:30.204206536 NNPACK.cpp:56] Could not initialize NNPACK! Reason: Unsupported hardware.
[W526 12:19:30.208416853 NNPACK.cpp:56] Could not initialize NNPACK! Reason: Unsupported hardware.
[W526 12:19:30.208775704 NNPACK.cpp:56] Could not initialize NNPACK! Reason: Unsupported hardware.
[W526 12:19:30.217423536 NNPACK.cpp:56] Could not initialize NNPACK! Reason: Unsupported hardware.
[W526 12:19:30.217732030 NNPACK.cpp:56] Could not initialize NNPACK! Reason: Unsupported hardware.
[W526 12:19:30.240288582 NNPACK.cpp:56] Could not initialize NNPACK! Reason: Unsupported hardware.
[W526 12:19:30.240480719 NNPACK.cpp:56] Could not initialize NNPACK! Reason: Unsupported hardware.
[W526 12:19:30.280518646 NNPACK.cpp:56] Could not initialize NNPACK! Reason: Unsupported hardware.
[W526 12:19:30.280882037 NNPACK.cpp:56] Could not initialize NNPACK! Reason: Unsupported hardware.
[W526 12:19:30.285191600 NNPACK.cpp:56] Could not initialize NNPACK! Reason: Unsupported hardware.
[W526 12:19:30.285537740 NNPACK.cpp:56] Could not initialize NNPACK! Reason: Unsupported hardware.
[W526 12:19:30.300367753 NNPACK.cpp:56] Could not initialize NNPACK! Reason: Unsupported hardware.
[W526 12:19:30.300726394 NNPACK.cpp:56] Could not initialize NNPACK! Reason: Unsupported hardware.
[W526 12:19:30.347510690 NNPACK.cpp:56] Could not initialize NNPACK! Reason: Unsupported hardware.
[W526 12:19:30.347945949 NNPACK.cpp:56] Could not initialize NNPACK! Reason: Unsupported hardware.
[W526 12:19:30.505153445 NNPACK.cpp:56] Could not initialize NNPACK! Reason: Unsupported hardware.
[W526 12:19:30.506777633 NNPACK.cpp:56] Could not initialize NNPACK! Reason: Unsupported hardware.
[W526 12:19:30.507146541 NNPACK.cpp:56] Could not initialize NNPACK! Reason: Unsupported hardware.
[W526 12:19:30.507494776 NNPACK.cpp:56] Could not initialize NNPACK! Reason: Unsupported hardware.
[W526 12:19:30.508023484 NNPACK.cpp:56] Could not initialize NNPACK! Reason: Unsupported hardware.
[W526 12:19:30.509418170 NNPACK.cpp:56] Could not initialize NNPACK! Reason: Unsupported hardware.
[W526 12:19:30.509994301 NNPACK.cpp:56] Could not initialize NNPACK! Reason: Unsupported hardware.
[W526 12:19:30.511315512 NNPACK.cpp:56] Could not initialize NNPACK! Reason: Unsupported hardware.
[W526 12:19:30.511940044 NNPACK.cpp:56] Could not initialize NNPACK! Reason: Unsupported hardware.
[W526 12:19:30.513661452 NNPACK.cpp:56] Could not initialize NNPACK! Reason: Unsupported hardware.
[W526 12:19:30.514024633 NNPACK.cpp:56] Could not initialize NNPACK! Reason: Unsupported hardware.
[W526 12:19:30.514312524 NNPACK.cpp:56] Could not initialize NNPACK! Reason: Unsupported hardware.
[W526 12:19:30.514810502 NNPACK.cpp:56] Could not initialize NNPACK! Reason: Unsupported hardware.
[W526 12:19:30.516723768 NNPACK.cpp:56] Could not initialize NNPACK! Reason: Unsupported hardware.
[W526 12:19:30.517129204 NNPACK.cpp:56] Could not initialize NNPACK! Reason: Unsupported hardware.
[W526 12:19:30.518336990 NNPACK.cpp:56] Could not initialize NNPACK! Reason: Unsupported hardware.
[W526 12:19:30.520310321 NNPACK.cpp:56] Could not initialize NNPACK! Reason: Unsupported hardware.
[W526 12:19:30.520681045 NNPACK.cpp:56] Could not initialize NNPACK! Reason: Unsupported hardware.
[W526 12:19:30.521806558 NNPACK.cpp:56] Could not initialize NNPACK! Reason: Unsupported hardware.
[W526 12:19:30.523487597 NNPACK.cpp:56] Could not initialize NNPACK! Reason: Unsupported hardware.
[W526 12:19:30.523824727 NNPACK.cpp:56] Could not initialize NNPACK! Reason: Unsupported hardware.
[W526 12:19:30.524070573 NNPACK.cpp:56] Could not initialize NNPACK! Reason: Unsupported hardware.
[W526 12:19:30.524644679 NNPACK.cpp:56] Could not initialize NNPACK! Reason: Unsupported hardware.
[W526 12:19:30.526398215 NNPACK.cpp:56] Could not initialize NNPACK! Reason: Unsupported hardware.
[W526 12:19:30.526717675 NNPACK.cpp:56] Could not initialize NNPACK! Reason: Unsupported hardware.
[W526 12:19:30.526928459 NNPACK.cpp:56] Could not initialize NNPACK! Reason: Unsupported hardware.
[W526 12:19:30.527529105 NNPACK.cpp:56] Could not initialize NNPACK! Reason: Unsupported hardware.
[W526 12:19:30.529401304 NNPACK.cpp:56] Could not initialize NNPACK! Reason: Unsupported hardware.
[W526 12:19:30.529785927 NNPACK.cpp:56] Could not initialize NNPACK! Reason: Unsupported hardware.
[W526 12:19:30.530052306 NNPACK.cpp:56] Could not initialize NNPACK! Reason: Unsupported hardware.
[W526 12:19:30.530646317 NNPACK.cpp:56] Could not initialize NNPACK! Reason: Unsupported hardware.
[W526 12:19:30.533208350 NNPACK.cpp:56] Could not initialize NNPACK! Reason: Unsupported hardware.
[W526 12:19:30.533570623 NNPACK.cpp:56] Could not initialize NNPACK! Reason: Unsupported hardware.
[W526 12:19:30.534924940 NNPACK.cpp:56] Could not initialize NNPACK! Reason: Unsupported hardware.
[W526 12:19:30.537786668 NNPACK.cpp:56] Could not initialize NNPACK! Reason: Unsupported hardware.
[W526 12:19:30.538148871 NNPACK.cpp:56] Could not initialize NNPACK! Reason: Unsupported hardware.
[W526 12:19:30.539574427 NNPACK.cpp:56] Could not initialize NNPACK! Reason: Unsupported hardware.
[W526 12:19:31.399125219 NNPACK.cpp:56] Could not initialize NNPACK! Reason: Unsupported hardware.
[W526 12:19:31.399392996 NNPACK.cpp:56] Could not initialize NNPACK! Reason: Unsupported hardware.
[W526 12:19:31.496499391 NNPACK.cpp:56] Could not initialize NNPACK! Reason: Unsupported hardware.
[W526 12:19:31.497036410 NNPACK.cpp:56] Could not initialize NNPACK! Reason: Unsupported hardware.
[W526 12:19:31.757277977 NNPACK.cpp:56] Could not initialize NNPACK! Reason: Unsupported hardware.
[W526 12:19:31.761344978 NNPACK.cpp:56] Could not initialize NNPACK! Reason: Unsupported hardware.
[W526 12:19:31.776386264 NNPACK.cpp:56] Could not initialize NNPACK! Reason: Unsupported hardware.
[W526 12:19:31.785791888 NNPACK.cpp:56] Could not initialize NNPACK! Reason: Unsupported hardware.
[W526 12:19:42.054381841 NNPACK.cpp:56] Could not initialize NNPACK! Reason: Unsupported hardware.
[W526 12:19:42.054842662 NNPACK.cpp:56] Could not initialize NNPACK! Reason: Unsupported hardware.
[W526 12:19:42.292830096 NNPACK.cpp:56] Could not initialize NNPACK! Reason: Unsupported hardware.
[W526 12:19:42.293337293 NNPACK.cpp:56] Could not initialize NNPACK! Reason: Unsupported hardware.
[W526 12:19:43.138592443 NNPACK.cpp:56] Could not initialize NNPACK! Reason: Unsupported hardware.
[W526 12:19:43.139452204 NNPACK.cpp:56] Could not initialize NNPACK! Reason: Unsupported hardware.
[W526 12:19:43.151161234 NNPACK.cpp:56] Could not initialize NNPACK! Reason: Unsupported hardware.
[W526 12:19:43.151544181 NNPACK.cpp:56] Could not initialize NNPACK! Reason: Unsupported hardware.
[W526 12:19:43.178276338 NNPACK.cpp:56] Could not initialize NNPACK! Reason: Unsupported hardware.
[W526 12:19:43.178682263 NNPACK.cpp:56] Could not initialize NNPACK! Reason: Unsupported hardware.
[W526 12:19:43.330110780 NNPACK.cpp:56] Could not initialize NNPACK! Reason: Unsupported hardware.
[W526 12:19:43.330326524 NNPACK.cpp:56] Could not initialize NNPACK! Reason: Unsupported hardware.
[W526 12:19:43.590774756 NNPACK.cpp:56] Could not initialize NNPACK! Reason: Unsupported hardware.
[W526 12:19:43.591788940 NNPACK.cpp:56] Could not initialize NNPACK! Reason: Unsupported hardware.
[W526 12:19:43.617322041 NNPACK.cpp:56] Could not initialize NNPACK! Reason: Unsupported hardware.
[W526 12:19:43.617740048 NNPACK.cpp:56] Could not initialize NNPACK! Reason: Unsupported hardware.
[W526 12:19:43.721686822 NNPACK.cpp:56] Could not initialize NNPACK! Reason: Unsupported hardware.
[W526 12:19:43.721915137 NNPACK.cpp:56] Could not initialize NNPACK! Reason: Unsupported hardware.
[W526 12:19:44.033644198 NNPACK.cpp:56] Could not initialize NNPACK! Reason: Unsupported hardware.
[W526 12:19:44.034306445 NNPACK.cpp:56] Could not initialize NNPACK! Reason: Unsupported hardware.
[W526 12:19:56.896260082 NNPACK.cpp:56] Could not initialize NNPACK! Reason: Unsupported hardware.
[W526 12:19:56.896825877 NNPACK.cpp:56] Could not initialize NNPACK! Reason: Unsupported hardware.
[W526 12:19:57.076779760 NNPACK.cpp:56] Could not initialize NNPACK! Reason: Unsupported hardware.
[W526 12:19:57.077328442 NNPACK.cpp:56] Could not initialize NNPACK! Reason: Unsupported hardware.
[W526 12:19:57.890336815 NNPACK.cpp:56] Could not initialize NNPACK! Reason: Unsupported hardware.
[W526 12:19:57.890884240 NNPACK.cpp:56] Could not initialize NNPACK! Reason: Unsupported hardware.
[W526 12:19:57.902076924 NNPACK.cpp:56] Could not initialize NNPACK! Reason: Unsupported hardware.
[W526 12:19:57.902351266 NNPACK.cpp:56] Could not initialize NNPACK! Reason: Unsupported hardware.
[W526 12:19:57.926254941 NNPACK.cpp:56] Could not initialize NNPACK! Reason: Unsupported hardware.
[W526 12:19:57.926748867 NNPACK.cpp:56] Could not initialize NNPACK! Reason: Unsupported hardware.
[W526 12:19:58.037980776 NNPACK.cpp:56] Could not initialize NNPACK! Reason: Unsupported hardware.
[W526 12:19:58.038470861 NNPACK.cpp:56] Could not initialize NNPACK! Reason: Unsupported hardware.
[W526 12:19:58.270916921 NNPACK.cpp:56] Could not initialize NNPACK! Reason: Unsupported hardware.
[W526 12:19:58.271432918 NNPACK.cpp:56] Could not initialize NNPACK! Reason: Unsupported hardware.
[W526 12:19:58.285822504 NNPACK.cpp:56] Could not initialize NNPACK! Reason: Unsupported hardware.
[W526 12:19:58.286282696 NNPACK.cpp:56] Could not initialize NNPACK! Reason: Unsupported hardware.
[W526 12:19:58.341378603 NNPACK.cpp:56] Could not initialize NNPACK! Reason: Unsupported hardware.
[W526 12:19:58.341881539 NNPACK.cpp:56] Could not initialize NNPACK! Reason: Unsupported hardware.
[W526 12:19:58.635568741 NNPACK.cpp:56] Could not initialize NNPACK! Reason: Unsupported hardware.
[W526 12:19:58.635835819 NNPACK.cpp:56] Could not initialize NNPACK! Reason: Unsupported hardware.
[W526 12:20:17.748958878 NNPACK.cpp:56] Could not initialize NNPACK! Reason: Unsupported hardware.
[W526 12:20:17.749456157 NNPACK.cpp:56] Could not initialize NNPACK! Reason: Unsupported hardware.
[W526 12:20:17.973512805 NNPACK.cpp:56] Could not initialize NNPACK! Reason: Unsupported hardware.
[W526 12:20:17.974067005 NNPACK.cpp:56] Could not initialize NNPACK! Reason: Unsupported hardware.
[W526 12:20:19.163794321 NNPACK.cpp:56] Could not initialize NNPACK! Reason: Unsupported hardware.
[W526 12:20:19.165377512 NNPACK.cpp:56] Could not initialize NNPACK! Reason: Unsupported hardware.
[W526 12:20:19.183507096 NNPACK.cpp:56] Could not initialize NNPACK! Reason: Unsupported hardware.
[W526 12:20:19.183918189 NNPACK.cpp:56] Could not initialize NNPACK! Reason: Unsupported hardware.
[W526 12:20:19.221359791 NNPACK.cpp:56] Could not initialize NNPACK! Reason: Unsupported hardware.
[W526 12:20:19.221601795 NNPACK.cpp:56] Could not initialize NNPACK! Reason: Unsupported hardware.
[W526 12:20:19.401370876 NNPACK.cpp:56] Could not initialize NNPACK! Reason: Unsupported hardware.
[W526 12:20:19.401783646 NNPACK.cpp:56] Could not initialize NNPACK! Reason: Unsupported hardware.
[W526 12:20:19.719285057 NNPACK.cpp:56] Could not initialize NNPACK! Reason: Unsupported hardware.
[W526 12:20:19.719536211 NNPACK.cpp:56] Could not initialize NNPACK! Reason: Unsupported hardware.
[W526 12:20:19.740726295 NNPACK.cpp:56] Could not initialize NNPACK! Reason: Unsupported hardware.
[W526 12:20:19.741598488 NNPACK.cpp:56] Could not initialize NNPACK! Reason: Unsupported hardware.
[W526 12:20:19.818755974 NNPACK.cpp:56] Could not initialize NNPACK! Reason: Unsupported hardware.
[W526 12:20:19.818957749 NNPACK.cpp:56] Could not initialize NNPACK! Reason: Unsupported hardware.
[W526 12:20:20.220441100 NNPACK.cpp:56] Could not initialize NNPACK! Reason: Unsupported hardware.
[W526 12:20:20.220733042 NNPACK.cpp:56] Could not initialize NNPACK! Reason: Unsupported hardware.
[W526 12:20:21.438240155 NNPACK.cpp:56] Could not initialize NNPACK! Reason: Unsupported hardware.
[W526 12:20:21.442963675 NNPACK.cpp:56] Could not initialize NNPACK! Reason: Unsupported hardware.
[W526 12:20:21.443431480 NNPACK.cpp:56] Could not initialize NNPACK! Reason: Unsupported hardware.
[W526 12:20:21.445484920 NNPACK.cpp:56] Could not initialize NNPACK! Reason: Unsupported hardware.
[W526 12:20:21.446042264 NNPACK.cpp:56] Could not initialize NNPACK! Reason: Unsupported hardware.
[W526 12:20:21.450465601 NNPACK.cpp:56] Could not initialize NNPACK! Reason: Unsupported hardware.
[W526 12:20:21.451247558 NNPACK.cpp:56] Could not initialize NNPACK! Reason: Unsupported hardware.
[W526 12:20:21.455625846 NNPACK.cpp:56] Could not initialize NNPACK! Reason: Unsupported hardware.
[W526 12:20:21.458910401 NNPACK.cpp:56] Could not initialize NNPACK! Reason: Unsupported hardware.
[W526 12:20:21.464393458 NNPACK.cpp:56] Could not initialize NNPACK! Reason: Unsupported hardware.
[W526 12:20:21.464639094 NNPACK.cpp:56] Could not initialize NNPACK! Reason: Unsupported hardware.
[W526 12:20:21.464899188 NNPACK.cpp:56] Could not initialize NNPACK! Reason: Unsupported hardware.
[W526 12:20:21.467590640 NNPACK.cpp:56] Could not initialize NNPACK! Reason: Unsupported hardware.
[W526 12:20:21.474594518 NNPACK.cpp:56] Could not initialize NNPACK! Reason: Unsupported hardware.
[W526 12:20:21.474853355 NNPACK.cpp:56] Could not initialize NNPACK! Reason: Unsupported hardware.
[W526 12:20:21.476570992 NNPACK.cpp:56] Could not initialize NNPACK! Reason: Unsupported hardware.
[W526 12:20:21.481748209 NNPACK.cpp:56] Could not initialize NNPACK! Reason: Unsupported hardware.
[W526 12:20:21.482040221 NNPACK.cpp:56] Could not initialize NNPACK! Reason: Unsupported hardware.
[W526 12:20:21.486538499 NNPACK.cpp:56] Could not initialize NNPACK! Reason: Unsupported hardware.
[W526 12:20:21.488789733 NNPACK.cpp:56] Could not initialize NNPACK! Reason: Unsupported hardware.
[W526 12:20:21.489057858 NNPACK.cpp:56] Could not initialize NNPACK! Reason: Unsupported hardware.
[W526 12:20:21.491124219 NNPACK.cpp:56] Could not initialize NNPACK! Reason: Unsupported hardware.
[W526 12:20:21.491924964 NNPACK.cpp:56] Could not initialize NNPACK! Reason: Unsupported hardware.
[W526 12:20:21.501224566 NNPACK.cpp:56] Could not initialize NNPACK! Reason: Unsupported hardware.
[W526 12:20:21.501683432 NNPACK.cpp:56] Could not initialize NNPACK! Reason: Unsupported hardware.
[W526 12:20:21.502961620 NNPACK.cpp:56] Could not initialize NNPACK! Reason: Unsupported hardware.
[W526 12:20:21.503738688 NNPACK.cpp:56] Could not initialize NNPACK! Reason: Unsupported hardware.
[W526 12:20:21.510076059 NNPACK.cpp:56] Could not initialize NNPACK! Reason: Unsupported hardware.
[W526 12:20:21.510389932 NNPACK.cpp:56] Could not initialize NNPACK! Reason: Unsupported hardware.
[W526 12:20:21.510704083 NNPACK.cpp:56] Could not initialize NNPACK! Reason: Unsupported hardware.
[W526 12:20:21.517542435 NNPACK.cpp:56] Could not initialize NNPACK! Reason: Unsupported hardware.
[W526 12:20:21.535994342 NNPACK.cpp:56] Could not initialize NNPACK! Reason: Unsupported hardware.
[W526 12:20:21.537331617 NNPACK.cpp:56] Could not initialize NNPACK! Reason: Unsupported hardware.
[W526 12:20:21.544762793 NNPACK.cpp:56] Could not initialize NNPACK! Reason: Unsupported hardware.
[W526 12:20:21.551474380 NNPACK.cpp:56] Could not initialize NNPACK! Reason: Unsupported hardware.
[W526 12:20:21.551871086 NNPACK.cpp:56] Could not initialize NNPACK! Reason: Unsupported hardware.
[W526 12:20:21.554231763 NNPACK.cpp:56] Could not initialize NNPACK! Reason: Unsupported hardware.
[W526 12:20:27.122862773 NNPACK.cpp:56] Could not initialize NNPACK! Reason: Unsupported hardware.
[W526 12:20:27.123443095 NNPACK.cpp:56] Could not initialize NNPACK! Reason: Unsupported hardware.
[W526 12:20:27.201858236 NNPACK.cpp:56] Could not initialize NNPACK! Reason: Unsupported hardware.
[W526 12:20:27.202438767 NNPACK.cpp:56] Could not initialize NNPACK! Reason: Unsupported hardware.
[W526 12:20:27.532205715 NNPACK.cpp:56] Could not initialize NNPACK! Reason: Unsupported hardware.
[W526 12:20:27.535399614 NNPACK.cpp:56] Could not initialize NNPACK! Reason: Unsupported hardware.
[W526 12:20:27.567352152 NNPACK.cpp:56] Could not initialize NNPACK! Reason: Unsupported hardware.
[W526 12:20:27.580637598 NNPACK.cpp:56] Could not initialize NNPACK! Reason: Unsupported hardware.
[W526 12:20:30.435755134 NNPACK.cpp:56] Could not initialize NNPACK! Reason: Unsupported hardware.
[W526 12:20:30.436036670 NNPACK.cpp:56] Could not initialize NNPACK! Reason: Unsupported hardware.
[W526 12:20:30.512820429 NNPACK.cpp:56] Could not initialize NNPACK! Reason: Unsupported hardware.
[W526 12:20:30.513143520 NNPACK.cpp:56] Could not initialize NNPACK! Reason: Unsupported hardware.
[W526 12:20:30.934532063 NNPACK.cpp:56] Could not initialize NNPACK! Reason: Unsupported hardware.
[W526 12:20:30.934830081 NNPACK.cpp:56] Could not initialize NNPACK! Reason: Unsupported hardware.
[W526 12:20:30.950327650 NNPACK.cpp:56] Could not initialize NNPACK! Reason: Unsupported hardware.
[W526 12:20:30.950524466 NNPACK.cpp:56] Could not initialize NNPACK! Reason: Unsupported hardware.
[W526 12:20:30.972236483 NNPACK.cpp:56] Could not initialize NNPACK! Reason: Unsupported hardware.
[W526 12:20:30.972450830 NNPACK.cpp:56] Could not initialize NNPACK! Reason: Unsupported hardware.
[W526 12:20:31.018799938 NNPACK.cpp:56] Could not initialize NNPACK! Reason: Unsupported hardware.
[W526 12:20:31.020453111 NNPACK.cpp:56] Could not initialize NNPACK! Reason: Unsupported hardware.
[W526 12:20:31.087420433 NNPACK.cpp:56] Could not initialize NNPACK! Reason: Unsupported hardware.
[W526 12:20:31.087615084 NNPACK.cpp:56] Could not initialize NNPACK! Reason: Unsupported hardware.
[W526 12:20:31.103279366 NNPACK.cpp:56] Could not initialize NNPACK! Reason: Unsupported hardware.
[W526 12:20:31.103484075 NNPACK.cpp:56] Could not initialize NNPACK! Reason: Unsupported hardware.
[W526 12:20:31.166811064 NNPACK.cpp:56] Could not initialize NNPACK! Reason: Unsupported hardware.
[W526 12:20:31.167035538 NNPACK.cpp:56] Could not initialize NNPACK! Reason: Unsupported hardware.
[W526 12:20:31.279896944 NNPACK.cpp:56] Could not initialize NNPACK! Reason: Unsupported hardware.
[W526 12:20:31.280288132 NNPACK.cpp:56] Could not initialize NNPACK! Reason: Unsupported hardware.
[+] Figuras encontradas: 5
  [+] fig_001 → fig_001_FIG_1_Schematic_illustration_of_Cartes.png
  [+] fig_002 → fig_002_FIG_2_Overview_of_the_CarNet_model_arc.png
  [+] fig_003 → fig_003_FIG_3_MD_simulation_results_of_bulk_Li.png
  [+] fig_004 → fig_004_FIG_4_Performance_of_CarNet_in_predict.png
  [+] fig_005 → fig_005_FIG_5_Learning_curve_for_ethanol_dipol.png
[+] Imágenes guardadas en: /media/admin/ALMACEN_GRANDE_1/ilovepappers/pappers/CarNet_tensores_cartesianos_Chen_2025_figures/images
[+] JSON guardado en: /media/admin/ALMACEN_GRANDE_1/ilovepappers/pappers/CarNet_tensores_cartesianos_Chen_2025_figures/figures.json
[+] Markdown guardado en: /media/admin/ALMACEN_GRANDE_1/ilovepappers/pappers/CarNet_tensores_cartesianos_Chen_2025_figures/figures.md
[+] TXT guardado en: /media/admin/ALMACEN_GRANDE_1/ilovepappers/pappers/CarNet_tensores_cartesianos_Chen_2025_figures/captions.txt
[+] CSV guardado en: /media/admin/ALMACEN_GRANDE_1/ilovepappers/pappers/CarNet_tensores_cartesianos_Chen_2025_figures/captions.csv

✓ Extracción completada.
Salida: /media/admin/ALMACEN_GRANDE_1/ilovepappers/pappers/CarNet_tensores_cartesianos_Chen_2025_figures
    OK

[4] >>> CGCNN_cristales_Xie_Grossman_2018.pdf
[32m[INFO] 2026-05-26 12:23:09,948 [RapidOCR] base.py:22: Using engine_name: torch[0m
[32m[INFO] 2026-05-26 12:23:09,954 [RapidOCR] device_config.py:57: Using CPU device[0m
[32m[INFO] 2026-05-26 12:23:10,238 [RapidOCR] download_file.py:60: File exists and is valid: /home/admin/miniconda3/lib/python3.12/site-packages/rapidocr/models/ch_PP-OCRv4_det_mobile.pth[0m
[32m[INFO] 2026-05-26 12:23:10,239 [RapidOCR] main.py:50: Using /home/admin/miniconda3/lib/python3.12/site-packages/rapidocr/models/ch_PP-OCRv4_det_mobile.pth[0m
[32m[INFO] 2026-05-26 12:23:11,030 [RapidOCR] base.py:22: Using engine_name: torch[0m
[32m[INFO] 2026-05-26 12:23:11,031 [RapidOCR] device_config.py:57: Using CPU device[0m
[32m[INFO] 2026-05-26 12:23:11,071 [RapidOCR] download_file.py:60: File exists and is valid: /home/admin/miniconda3/lib/python3.12/site-packages/rapidocr/models/ch_ptocr_mobile_v2.0_cls_mobile.pth[0m
[32m[INFO] 2026-05-26 12:23:11,071 [RapidOCR] main.py:50: Using /home/admin/miniconda3/lib/python3.12/site-packages/rapidocr/models/ch_ptocr_mobile_v2.0_cls_mobile.pth[0m
[32m[INFO] 2026-05-26 12:23:11,214 [RapidOCR] base.py:22: Using engine_name: torch[0m
[32m[INFO] 2026-05-26 12:23:11,214 [RapidOCR] device_config.py:57: Using CPU device[0m
[32m[INFO] 2026-05-26 12:23:11,648 [RapidOCR] download_file.py:60: File exists and is valid: /home/admin/miniconda3/lib/python3.12/site-packages/rapidocr/models/ch_PP-OCRv4_rec_mobile.pth[0m
[32m[INFO] 2026-05-26 12:23:11,649 [RapidOCR] main.py:50: Using /home/admin/miniconda3/lib/python3.12/site-packages/rapidocr/models/ch_PP-OCRv4_rec_mobile.pth[0m
[+] Procesando PDF: CGCNN_cristales_Xie_Grossman_2018.pdf
Loading weights:   0%|          | 0/770 [00:00<?, ?it/s]Loading weights:  74%|███████▎  | 567/770 [00:00<00:00, 5480.14it/s]Loading weights: 100%|██████████| 770/770 [00:00<00:00, 5813.39it/s]
[W526 12:23:32.181215867 NNPACK.cpp:56] Could not initialize NNPACK! Reason: Unsupported hardware.
[W526 12:23:32.181587080 NNPACK.cpp:56] Could not initialize NNPACK! Reason: Unsupported hardware.
[W526 12:23:32.278950679 NNPACK.cpp:56] Could not initialize NNPACK! Reason: Unsupported hardware.
[W526 12:23:32.280341243 NNPACK.cpp:56] Could not initialize NNPACK! Reason: Unsupported hardware.
[W526 12:23:32.956553820 NNPACK.cpp:56] Could not initialize NNPACK! Reason: Unsupported hardware.
[W526 12:23:32.956908550 NNPACK.cpp:56] Could not initialize NNPACK! Reason: Unsupported hardware.
[W526 12:23:32.981261654 NNPACK.cpp:56] Could not initialize NNPACK! Reason: Unsupported hardware.
[W526 12:23:32.981488014 NNPACK.cpp:56] Could not initialize NNPACK! Reason: Unsupported hardware.
[W526 12:23:33.007273658 NNPACK.cpp:56] Could not initialize NNPACK! Reason: Unsupported hardware.
[W526 12:23:33.007521320 NNPACK.cpp:56] Could not initialize NNPACK! Reason: Unsupported hardware.
[W526 12:23:33.062237198 NNPACK.cpp:56] Could not initialize NNPACK! Reason: Unsupported hardware.
[W526 12:23:33.062734337 NNPACK.cpp:56] Could not initialize NNPACK! Reason: Unsupported hardware.
[W526 12:23:33.151229543 NNPACK.cpp:56] Could not initialize NNPACK! Reason: Unsupported hardware.
[W526 12:23:33.151435020 NNPACK.cpp:56] Could not initialize NNPACK! Reason: Unsupported hardware.
[W526 12:23:33.176254603 NNPACK.cpp:56] Could not initialize NNPACK! Reason: Unsupported hardware.
[W526 12:23:33.178442070 NNPACK.cpp:56] Could not initialize NNPACK! Reason: Unsupported hardware.
[W526 12:23:33.218919785 NNPACK.cpp:56] Could not initialize NNPACK! Reason: Unsupported hardware.
[W526 12:23:33.219181205 NNPACK.cpp:56] Could not initialize NNPACK! Reason: Unsupported hardware.
[W526 12:23:33.360452694 NNPACK.cpp:56] Could not initialize NNPACK! Reason: Unsupported hardware.
[W526 12:23:33.360786750 NNPACK.cpp:56] Could not initialize NNPACK! Reason: Unsupported hardware.
[W526 12:24:42.283293372 NNPACK.cpp:56] Could not initialize NNPACK! Reason: Unsupported hardware.
[W526 12:24:42.284250354 NNPACK.cpp:56] Could not initialize NNPACK! Reason: Unsupported hardware.
[W526 12:24:42.413653792 NNPACK.cpp:56] Could not initialize NNPACK! Reason: Unsupported hardware.
[W526 12:24:42.414176424 NNPACK.cpp:56] Could not initialize NNPACK! Reason: Unsupported hardware.
[W526 12:24:43.006215335 NNPACK.cpp:56] Could not initialize NNPACK! Reason: Unsupported hardware.
[W526 12:24:43.007071045 NNPACK.cpp:56] Could not initialize NNPACK! Reason: Unsupported hardware.
[W526 12:24:43.014933356 NNPACK.cpp:56] Could not initialize NNPACK! Reason: Unsupported hardware.
[W526 12:24:43.016144006 NNPACK.cpp:56] Could not initialize NNPACK! Reason: Unsupported hardware.
[W526 12:24:43.033096460 NNPACK.cpp:56] Could not initialize NNPACK! Reason: Unsupported hardware.
[W526 12:24:43.033483597 NNPACK.cpp:56] Could not initialize NNPACK! Reason: Unsupported hardware.
[W526 12:24:43.085252613 NNPACK.cpp:56] Could not initialize NNPACK! Reason: Unsupported hardware.
[W526 12:24:43.085603432 NNPACK.cpp:56] Could not initialize NNPACK! Reason: Unsupported hardware.
[W526 12:24:43.196664481 NNPACK.cpp:56] Could not initialize NNPACK! Reason: Unsupported hardware.
[W526 12:24:43.197245361 NNPACK.cpp:56] Could not initialize NNPACK! Reason: Unsupported hardware.
[W526 12:24:43.209398307 NNPACK.cpp:56] Could not initialize NNPACK! Reason: Unsupported hardware.
[W526 12:24:43.209815547 NNPACK.cpp:56] Could not initialize NNPACK! Reason: Unsupported hardware.
[W526 12:24:43.248958713 NNPACK.cpp:56] Could not initialize NNPACK! Reason: Unsupported hardware.
[W526 12:24:43.249458366 NNPACK.cpp:56] Could not initialize NNPACK! Reason: Unsupported hardware.
[W526 12:24:43.414213360 NNPACK.cpp:56] Could not initialize NNPACK! Reason: Unsupported hardware.
[W526 12:24:43.414474222 NNPACK.cpp:56] Could not initialize NNPACK! Reason: Unsupported hardware.
[W526 12:24:50.395875529 NNPACK.cpp:56] Could not initialize NNPACK! Reason: Unsupported hardware.
[W526 12:24:50.397421772 NNPACK.cpp:56] Could not initialize NNPACK! Reason: Unsupported hardware.
[W526 12:24:50.464199735 NNPACK.cpp:56] Could not initialize NNPACK! Reason: Unsupported hardware.
[W526 12:24:50.464823499 NNPACK.cpp:56] Could not initialize NNPACK! Reason: Unsupported hardware.
[W526 12:24:50.786468383 NNPACK.cpp:56] Could not initialize NNPACK! Reason: Unsupported hardware.
[W526 12:24:50.786898264 NNPACK.cpp:56] Could not initialize NNPACK! Reason: Unsupported hardware.
[W526 12:24:50.793261126 NNPACK.cpp:56] Could not initialize NNPACK! Reason: Unsupported hardware.
[W526 12:24:50.793506623 NNPACK.cpp:56] Could not initialize NNPACK! Reason: Unsupported hardware.
[W526 12:24:50.813793638 NNPACK.cpp:56] Could not initialize NNPACK! Reason: Unsupported hardware.
[W526 12:24:50.814253411 NNPACK.cpp:56] Could not initialize NNPACK! Reason: Unsupported hardware.
[W526 12:24:50.899251330 NNPACK.cpp:56] Could not initialize NNPACK! Reason: Unsupported hardware.
[W526 12:24:50.899516731 NNPACK.cpp:56] Could not initialize NNPACK! Reason: Unsupported hardware.
[W526 12:24:50.965560021 NNPACK.cpp:56] Could not initialize NNPACK! Reason: Unsupported hardware.
[W526 12:24:50.966168838 NNPACK.cpp:56] Could not initialize NNPACK! Reason: Unsupported hardware.
[W526 12:24:51.982101382 NNPACK.cpp:56] Could not initialize NNPACK! Reason: Unsupported hardware.
[W526 12:24:51.982623315 NNPACK.cpp:56] Could not initialize NNPACK! Reason: Unsupported hardware.
[W526 12:24:51.006887372 NNPACK.cpp:56] Could not initialize NNPACK! Reason: Unsupported hardware.
[W526 12:24:51.007821655 NNPACK.cpp:56] Could not initialize NNPACK! Reason: Unsupported hardware.
[W526 12:24:51.101792800 NNPACK.cpp:56] Could not initialize NNPACK! Reason: Unsupported hardware.
[W526 12:24:51.102223240 NNPACK.cpp:56] Could not initialize NNPACK! Reason: Unsupported hardware.
[W526 12:25:12.403469597 NNPACK.cpp:56] Could not initialize NNPACK! Reason: Unsupported hardware.
[W526 12:25:12.404370425 NNPACK.cpp:56] Could not initialize NNPACK! Reason: Unsupported hardware.
[W526 12:25:12.464263314 NNPACK.cpp:56] Could not initialize NNPACK! Reason: Unsupported hardware.
[W526 12:25:12.464519427 NNPACK.cpp:56] Could not initialize NNPACK! Reason: Unsupported hardware.
[W526 12:25:12.881597617 NNPACK.cpp:56] Could not initialize NNPACK! Reason: Unsupported hardware.
[W526 12:25:12.881882714 NNPACK.cpp:56] Could not initialize NNPACK! Reason: Unsupported hardware.
[W526 12:25:12.888418087 NNPACK.cpp:56] Could not initialize NNPACK! Reason: Unsupported hardware.
[W526 12:25:12.888840565 NNPACK.cpp:56] Could not initialize NNPACK! Reason: Unsupported hardware.
[W526 12:25:12.900393774 NNPACK.cpp:56] Could not initialize NNPACK! Reason: Unsupported hardware.
[W526 12:25:12.900861718 NNPACK.cpp:56] Could not initialize NNPACK! Reason: Unsupported hardware.
[W526 12:25:12.931817247 NNPACK.cpp:56] Could not initialize NNPACK! Reason: Unsupported hardware.
[W526 12:25:12.932322279 NNPACK.cpp:56] Could not initialize NNPACK! Reason: Unsupported hardware.
[W526 12:25:12.979114318 NNPACK.cpp:56] Could not initialize NNPACK! Reason: Unsupported hardware.
[W526 12:25:12.979568574 NNPACK.cpp:56] Could not initialize NNPACK! Reason: Unsupported hardware.
[W526 12:25:13.991806449 NNPACK.cpp:56] Could not initialize NNPACK! Reason: Unsupported hardware.
[W526 12:25:13.992380136 NNPACK.cpp:56] Could not initialize NNPACK! Reason: Unsupported hardware.
[W526 12:25:13.028036625 NNPACK.cpp:56] Could not initialize NNPACK! Reason: Unsupported hardware.
[W526 12:25:13.028899249 NNPACK.cpp:56] Could not initialize NNPACK! Reason: Unsupported hardware.
[W526 12:25:13.166275423 NNPACK.cpp:56] Could not initialize NNPACK! Reason: Unsupported hardware.
[W526 12:25:13.166720110 NNPACK.cpp:56] Could not initialize NNPACK! Reason: Unsupported hardware.
[W526 12:25:36.694448630 NNPACK.cpp:56] Could not initialize NNPACK! Reason: Unsupported hardware.
[W526 12:25:36.694674780 NNPACK.cpp:56] Could not initialize NNPACK! Reason: Unsupported hardware.
[W526 12:25:36.743206109 NNPACK.cpp:56] Could not initialize NNPACK! Reason: Unsupported hardware.
[W526 12:25:36.743451605 NNPACK.cpp:56] Could not initialize NNPACK! Reason: Unsupported hardware.
[W526 12:25:36.950556453 NNPACK.cpp:56] Could not initialize NNPACK! Reason: Unsupported hardware.
[W526 12:25:36.950766330 NNPACK.cpp:56] Could not initialize NNPACK! Reason: Unsupported hardware.
[W526 12:25:36.954902403 NNPACK.cpp:56] Could not initialize NNPACK! Reason: Unsupported hardware.
[W526 12:25:36.955153906 NNPACK.cpp:56] Could not initialize NNPACK! Reason: Unsupported hardware.
[W526 12:25:36.962415782 NNPACK.cpp:56] Could not initialize NNPACK! Reason: Unsupported hardware.
[W526 12:25:36.962615252 NNPACK.cpp:56] Could not initialize NNPACK! Reason: Unsupported hardware.
[W526 12:25:36.981956390 NNPACK.cpp:56] Could not initialize NNPACK! Reason: Unsupported hardware.
[W526 12:25:37.982196928 NNPACK.cpp:56] Could not initialize NNPACK! Reason: Unsupported hardware.
[W526 12:25:37.015524100 NNPACK.cpp:56] Could not initialize NNPACK! Reason: Unsupported hardware.
[W526 12:25:37.015734116 NNPACK.cpp:56] Could not initialize NNPACK! Reason: Unsupported hardware.
[W526 12:25:37.021459037 NNPACK.cpp:56] Could not initialize NNPACK! Reason: Unsupported hardware.
[W526 12:25:37.021660812 NNPACK.cpp:56] Could not initialize NNPACK! Reason: Unsupported hardware.
[W526 12:25:37.036582945 NNPACK.cpp:56] Could not initialize NNPACK! Reason: Unsupported hardware.
[W526 12:25:37.036793730 NNPACK.cpp:56] Could not initialize NNPACK! Reason: Unsupported hardware.
[W526 12:25:37.087033476 NNPACK.cpp:56] Could not initialize NNPACK! Reason: Unsupported hardware.
[W526 12:25:37.087310192 NNPACK.cpp:56] Could not initialize NNPACK! Reason: Unsupported hardware.
[W526 12:25:46.804856720 NNPACK.cpp:56] Could not initialize NNPACK! Reason: Unsupported hardware.
[W526 12:25:46.805287508 NNPACK.cpp:56] Could not initialize NNPACK! Reason: Unsupported hardware.
[W526 12:25:46.848046912 NNPACK.cpp:56] Could not initialize NNPACK! Reason: Unsupported hardware.
[W526 12:25:46.848296879 NNPACK.cpp:56] Could not initialize NNPACK! Reason: Unsupported hardware.
[W526 12:25:47.058276446 NNPACK.cpp:56] Could not initialize NNPACK! Reason: Unsupported hardware.
[W526 12:25:47.058638789 NNPACK.cpp:56] Could not initialize NNPACK! Reason: Unsupported hardware.
[W526 12:25:47.061900015 NNPACK.cpp:56] Could not initialize NNPACK! Reason: Unsupported hardware.
[W526 12:25:47.062186300 NNPACK.cpp:56] Could not initialize NNPACK! Reason: Unsupported hardware.
[W526 12:25:47.068672155 NNPACK.cpp:56] Could not initialize NNPACK! Reason: Unsupported hardware.
[W526 12:25:47.068905150 NNPACK.cpp:56] Could not initialize NNPACK! Reason: Unsupported hardware.
[W526 12:25:47.087109252 NNPACK.cpp:56] Could not initialize NNPACK! Reason: Unsupported hardware.
[W526 12:25:47.087354539 NNPACK.cpp:56] Could not initialize NNPACK! Reason: Unsupported hardware.
[W526 12:25:47.118990125 NNPACK.cpp:56] Could not initialize NNPACK! Reason: Unsupported hardware.
[W526 12:25:47.119241419 NNPACK.cpp:56] Could not initialize NNPACK! Reason: Unsupported hardware.
[W526 12:25:47.123814567 NNPACK.cpp:56] Could not initialize NNPACK! Reason: Unsupported hardware.
[W526 12:25:47.124065162 NNPACK.cpp:56] Could not initialize NNPACK! Reason: Unsupported hardware.
[W526 12:25:47.138798510 NNPACK.cpp:56] Could not initialize NNPACK! Reason: Unsupported hardware.
[W526 12:25:47.139051410 NNPACK.cpp:56] Could not initialize NNPACK! Reason: Unsupported hardware.
[W526 12:25:47.188171023 NNPACK.cpp:56] Could not initialize NNPACK! Reason: Unsupported hardware.
[W526 12:25:47.188379014 NNPACK.cpp:56] Could not initialize NNPACK! Reason: Unsupported hardware.
[W526 12:25:58.913727251 NNPACK.cpp:56] Could not initialize NNPACK! Reason: Unsupported hardware.
[W526 12:25:58.913956684 NNPACK.cpp:56] Could not initialize NNPACK! Reason: Unsupported hardware.
[W526 12:25:58.968300936 NNPACK.cpp:56] Could not initialize NNPACK! Reason: Unsupported hardware.
[W526 12:25:58.968544896 NNPACK.cpp:56] Could not initialize NNPACK! Reason: Unsupported hardware.
[W526 12:25:59.165334566 NNPACK.cpp:56] Could not initialize NNPACK! Reason: Unsupported hardware.
[W526 12:25:59.165523001 NNPACK.cpp:56] Could not initialize NNPACK! Reason: Unsupported hardware.
[W526 12:25:59.168673038 NNPACK.cpp:56] Could not initialize NNPACK! Reason: Unsupported hardware.
[W526 12:25:59.168857911 NNPACK.cpp:56] Could not initialize NNPACK! Reason: Unsupported hardware.
[W526 12:25:59.175090937 NNPACK.cpp:56] Could not initialize NNPACK! Reason: Unsupported hardware.
[W526 12:25:59.175292712 NNPACK.cpp:56] Could not initialize NNPACK! Reason: Unsupported hardware.
[W526 12:25:59.193241121 NNPACK.cpp:56] Could not initialize NNPACK! Reason: Unsupported hardware.
[W526 12:25:59.193437448 NNPACK.cpp:56] Could not initialize NNPACK! Reason: Unsupported hardware.
[W526 12:25:59.224901502 NNPACK.cpp:56] Could not initialize NNPACK! Reason: Unsupported hardware.
[W526 12:25:59.225135684 NNPACK.cpp:56] Could not initialize NNPACK! Reason: Unsupported hardware.
[W526 12:25:59.229185991 NNPACK.cpp:56] Could not initialize NNPACK! Reason: Unsupported hardware.
[W526 12:25:59.229390699 NNPACK.cpp:56] Could not initialize NNPACK! Reason: Unsupported hardware.
[W526 12:25:59.242927715 NNPACK.cpp:56] Could not initialize NNPACK! Reason: Unsupported hardware.
[W526 12:25:59.243183479 NNPACK.cpp:56] Could not initialize NNPACK! Reason: Unsupported hardware.
[W526 12:25:59.292097755 NNPACK.cpp:56] Could not initialize NNPACK! Reason: Unsupported hardware.
[W526 12:25:59.292304349 NNPACK.cpp:56] Could not initialize NNPACK! Reason: Unsupported hardware.
[W526 12:26:11.244968355 NNPACK.cpp:56] Could not initialize NNPACK! Reason: Unsupported hardware.
[W526 12:26:11.245408503 NNPACK.cpp:56] Could not initialize NNPACK! Reason: Unsupported hardware.
[W526 12:26:11.290752150 NNPACK.cpp:56] Could not initialize NNPACK! Reason: Unsupported hardware.
[W526 12:26:11.290989406 NNPACK.cpp:56] Could not initialize NNPACK! Reason: Unsupported hardware.
[W526 12:26:11.487588268 NNPACK.cpp:56] Could not initialize NNPACK! Reason: Unsupported hardware.
[W526 12:26:11.487780544 NNPACK.cpp:56] Could not initialize NNPACK! Reason: Unsupported hardware.
[W526 12:26:11.490957820 NNPACK.cpp:56] Could not initialize NNPACK! Reason: Unsupported hardware.
[W526 12:26:11.491306543 NNPACK.cpp:56] Could not initialize NNPACK! Reason: Unsupported hardware.
[W526 12:26:11.497806577 NNPACK.cpp:56] Could not initialize NNPACK! Reason: Unsupported hardware.
[W526 12:26:11.497992079 NNPACK.cpp:56] Could not initialize NNPACK! Reason: Unsupported hardware.
[W526 12:26:11.516823996 NNPACK.cpp:56] Could not initialize NNPACK! Reason: Unsupported hardware.
[W526 12:26:11.517034711 NNPACK.cpp:56] Could not initialize NNPACK! Reason: Unsupported hardware.
[W526 12:26:11.553343321 NNPACK.cpp:56] Could not initialize NNPACK! Reason: Unsupported hardware.
[W526 12:26:11.553777951 NNPACK.cpp:56] Could not initialize NNPACK! Reason: Unsupported hardware.
[W526 12:26:11.558145273 NNPACK.cpp:56] Could not initialize NNPACK! Reason: Unsupported hardware.
[W526 12:26:11.558459495 NNPACK.cpp:56] Could not initialize NNPACK! Reason: Unsupported hardware.
[W526 12:26:11.579716274 NNPACK.cpp:56] Could not initialize NNPACK! Reason: Unsupported hardware.
[W526 12:26:11.580021067 NNPACK.cpp:56] Could not initialize NNPACK! Reason: Unsupported hardware.
[W526 12:26:11.630545912 NNPACK.cpp:56] Could not initialize NNPACK! Reason: Unsupported hardware.
[W526 12:26:11.630757814 NNPACK.cpp:56] Could not initialize NNPACK! Reason: Unsupported hardware.
[W526 12:26:12.086307165 NNPACK.cpp:56] Could not initialize NNPACK! Reason: Unsupported hardware.
[W526 12:26:12.089459647 NNPACK.cpp:56] Could not initialize NNPACK! Reason: Unsupported hardware.
[W526 12:26:12.089786580 NNPACK.cpp:56] Could not initialize NNPACK! Reason: Unsupported hardware.
[W526 12:26:12.090175952 NNPACK.cpp:56] Could not initialize NNPACK! Reason: Unsupported hardware.
[W526 12:26:12.090763816 NNPACK.cpp:56] Could not initialize NNPACK! Reason: Unsupported hardware.
[W526 12:26:12.093401768 NNPACK.cpp:56] Could not initialize NNPACK! Reason: Unsupported hardware.
[W526 12:26:12.093941302 NNPACK.cpp:56] Could not initialize NNPACK! Reason: Unsupported hardware.
[W526 12:26:12.096533088 NNPACK.cpp:56] Could not initialize NNPACK! Reason: Unsupported hardware.
[W526 12:26:12.097180318 NNPACK.cpp:56] Could not initialize NNPACK! Reason: Unsupported hardware.
[W526 12:26:12.100115101 NNPACK.cpp:56] Could not initialize NNPACK! Reason: Unsupported hardware.
[W526 12:26:12.100446713 NNPACK.cpp:56] Could not initialize NNPACK! Reason: Unsupported hardware.
[W526 12:26:12.100760935 NNPACK.cpp:56] Could not initialize NNPACK! Reason: Unsupported hardware.
[W526 12:26:12.101265337 NNPACK.cpp:56] Could not initialize NNPACK! Reason: Unsupported hardware.
[W526 12:26:12.104420263 NNPACK.cpp:56] Could not initialize NNPACK! Reason: Unsupported hardware.
[W526 12:26:12.104632026 NNPACK.cpp:56] Could not initialize NNPACK! Reason: Unsupported hardware.
[W526 12:26:12.106916365 NNPACK.cpp:56] Could not initialize NNPACK! Reason: Unsupported hardware.
[W526 12:26:12.108932160 NNPACK.cpp:56] Could not initialize NNPACK! Reason: Unsupported hardware.
[W526 12:26:12.109362390 NNPACK.cpp:56] Could not initialize NNPACK! Reason: Unsupported hardware.
[W526 12:26:12.110544474 NNPACK.cpp:56] Could not initialize NNPACK! Reason: Unsupported hardware.
[W526 12:26:12.113680403 NNPACK.cpp:56] Could not initialize NNPACK! Reason: Unsupported hardware.
[W526 12:26:12.114062512 NNPACK.cpp:56] Could not initialize NNPACK! Reason: Unsupported hardware.
[W526 12:26:12.114414169 NNPACK.cpp:56] Could not initialize NNPACK! Reason: Unsupported hardware.
[W526 12:26:12.114939454 NNPACK.cpp:56] Could not initialize NNPACK! Reason: Unsupported hardware.
[W526 12:26:12.118168763 NNPACK.cpp:56] Could not initialize NNPACK! Reason: Unsupported hardware.
[W526 12:26:12.118400780 NNPACK.cpp:56] Could not initialize NNPACK! Reason: Unsupported hardware.
[W526 12:26:12.118672467 NNPACK.cpp:56] Could not initialize NNPACK! Reason: Unsupported hardware.
[W526 12:26:12.119237074 NNPACK.cpp:56] Could not initialize NNPACK! Reason: Unsupported hardware.
[W526 12:26:12.122421055 NNPACK.cpp:56] Could not initialize NNPACK! Reason: Unsupported hardware.
[W526 12:26:12.122649440 NNPACK.cpp:56] Could not initialize NNPACK! Reason: Unsupported hardware.
[W526 12:26:12.122936632 NNPACK.cpp:56] Could not initialize NNPACK! Reason: Unsupported hardware.
[W526 12:26:12.123506058 NNPACK.cpp:56] Could not initialize NNPACK! Reason: Unsupported hardware.
[W526 12:26:12.127772947 NNPACK.cpp:56] Could not initialize NNPACK! Reason: Unsupported hardware.
[W526 12:26:12.128047568 NNPACK.cpp:56] Could not initialize NNPACK! Reason: Unsupported hardware.
[W526 12:26:12.130437579 NNPACK.cpp:56] Could not initialize NNPACK! Reason: Unsupported hardware.
[W526 12:26:12.136690230 NNPACK.cpp:56] Could not initialize NNPACK! Reason: Unsupported hardware.
[W526 12:26:12.137064167 NNPACK.cpp:56] Could not initialize NNPACK! Reason: Unsupported hardware.
[W526 12:26:12.139281178 NNPACK.cpp:56] Could not initialize NNPACK! Reason: Unsupported hardware.
[W526 12:26:20.479688345 NNPACK.cpp:56] Could not initialize NNPACK! Reason: Unsupported hardware.
[W526 12:26:20.479925600 NNPACK.cpp:56] Could not initialize NNPACK! Reason: Unsupported hardware.
[W526 12:26:20.528373608 NNPACK.cpp:56] Could not initialize NNPACK! Reason: Unsupported hardware.
[W526 12:26:20.528635028 NNPACK.cpp:56] Could not initialize NNPACK! Reason: Unsupported hardware.
[W526 12:26:20.660309545 NNPACK.cpp:56] Could not initialize NNPACK! Reason: Unsupported hardware.
[W526 12:26:20.661461318 NNPACK.cpp:56] Could not initialize NNPACK! Reason: Unsupported hardware.
[W526 12:26:20.666311392 NNPACK.cpp:56] Could not initialize NNPACK! Reason: Unsupported hardware.
[W526 12:26:20.670759382 NNPACK.cpp:56] Could not initialize NNPACK! Reason: Unsupported hardware.
[W526 12:26:24.161187649 NNPACK.cpp:56] Could not initialize NNPACK! Reason: Unsupported hardware.
[W526 12:26:24.161626469 NNPACK.cpp:56] Could not initialize NNPACK! Reason: Unsupported hardware.
[W526 12:26:24.282982592 NNPACK.cpp:56] Could not initialize NNPACK! Reason: Unsupported hardware.
[W526 12:26:24.283364980 NNPACK.cpp:56] Could not initialize NNPACK! Reason: Unsupported hardware.
[W526 12:26:24.706113845 NNPACK.cpp:56] Could not initialize NNPACK! Reason: Unsupported hardware.
[W526 12:26:24.706698287 NNPACK.cpp:56] Could not initialize NNPACK! Reason: Unsupported hardware.
[W526 12:26:24.716648890 NNPACK.cpp:56] Could not initialize NNPACK! Reason: Unsupported hardware.
[W526 12:26:24.718275103 NNPACK.cpp:56] Could not initialize NNPACK! Reason: Unsupported hardware.
[W526 12:26:24.735028996 NNPACK.cpp:56] Could not initialize NNPACK! Reason: Unsupported hardware.
[W526 12:26:24.735368152 NNPACK.cpp:56] Could not initialize NNPACK! Reason: Unsupported hardware.
[W526 12:26:24.792329125 NNPACK.cpp:56] Could not initialize NNPACK! Reason: Unsupported hardware.
[W526 12:26:24.792930259 NNPACK.cpp:56] Could not initialize NNPACK! Reason: Unsupported hardware.
[W526 12:26:24.882250946 NNPACK.cpp:56] Could not initialize NNPACK! Reason: Unsupported hardware.
[W526 12:26:24.882603791 NNPACK.cpp:56] Could not initialize NNPACK! Reason: Unsupported hardware.
[W526 12:26:24.895774274 NNPACK.cpp:56] Could not initialize NNPACK! Reason: Unsupported hardware.
[W526 12:26:24.898317659 NNPACK.cpp:56] Could not initialize NNPACK! Reason: Unsupported hardware.
[W526 12:26:24.919335228 NNPACK.cpp:56] Could not initialize NNPACK! Reason: Unsupported hardware.
[W526 12:26:24.919567315 NNPACK.cpp:56] Could not initialize NNPACK! Reason: Unsupported hardware.
[W526 12:26:25.026458773 NNPACK.cpp:56] Could not initialize NNPACK! Reason: Unsupported hardware.
[W526 12:26:25.026743591 NNPACK.cpp:56] Could not initialize NNPACK! Reason: Unsupported hardware.
[+] Figuras encontradas: 9
  [+] fig_001 → fig_001_FIG_1_Illustration_of_the_crystal_grap.png
  [+] fig_002 → fig_002_FIG_2_The_performance_of_CGCNN_on_the_.png
  [+] fig_003 → fig_003_FIG_3_Extraction_of_site_energy_of_per.png
  [+] fig_004 → fig_004_FIG_S1_The_crystal_structures_and_crys.png
  [+] fig_005 → fig_005_FIG_S2_Histogram_representing_the_dist.png
  [+] fig_006 → fig_006_FIG_S3_The_effect_of_different_hyperpa.png
  [+] fig_007 → fig_007_FIG_S4_2D_histogram_visualizing_the_pr.png
  [+] fig_008 → fig_008_FIG_S5_The_MAE_of_predicted_bulk_modul.png
  [+] fig_009 → fig_009_FIG_S6_2D_histogram_visualizing_the_pe.png
[+] Imágenes guardadas en: /media/admin/ALMACEN_GRANDE_1/ilovepappers/pappers/CGCNN_cristales_Xie_Grossman_2018_figures/images
[+] JSON guardado en: /media/admin/ALMACEN_GRANDE_1/ilovepappers/pappers/CGCNN_cristales_Xie_Grossman_2018_figures/figures.json
[+] Markdown guardado en: /media/admin/ALMACEN_GRANDE_1/ilovepappers/pappers/CGCNN_cristales_Xie_Grossman_2018_figures/figures.md
[+] TXT guardado en: /media/admin/ALMACEN_GRANDE_1/ilovepappers/pappers/CGCNN_cristales_Xie_Grossman_2018_figures/captions.txt
[+] CSV guardado en: /media/admin/ALMACEN_GRANDE_1/ilovepappers/pappers/CGCNN_cristales_Xie_Grossman_2018_figures/captions.csv

✓ Extracción completada.
Salida: /media/admin/ALMACEN_GRANDE_1/ilovepappers/pappers/CGCNN_cristales_Xie_Grossman_2018_figures
    OK

[5] >>> CNN3D_constantes_elasticas_nanoporosos_Zorkaltsev_2025.pdf
[32m[INFO] 2026-05-26 12:29:38,068 [RapidOCR] base.py:22: Using engine_name: torch[0m
[32m[INFO] 2026-05-26 12:29:38,161 [RapidOCR] device_config.py:57: Using CPU device[0m
[32m[INFO] 2026-05-26 12:29:38,471 [RapidOCR] download_file.py:60: File exists and is valid: /home/admin/miniconda3/lib/python3.12/site-packages/rapidocr/models/ch_PP-OCRv4_det_mobile.pth[0m
[32m[INFO] 2026-05-26 12:29:38,471 [RapidOCR] main.py:50: Using /home/admin/miniconda3/lib/python3.12/site-packages/rapidocr/models/ch_PP-OCRv4_det_mobile.pth[0m
[32m[INFO] 2026-05-26 12:29:39,144 [RapidOCR] base.py:22: Using engine_name: torch[0m
[32m[INFO] 2026-05-26 12:29:39,145 [RapidOCR] device_config.py:57: Using CPU device[0m
[32m[INFO] 2026-05-26 12:29:39,178 [RapidOCR] download_file.py:60: File exists and is valid: /home/admin/miniconda3/lib/python3.12/site-packages/rapidocr/models/ch_ptocr_mobile_v2.0_cls_mobile.pth[0m
[32m[INFO] 2026-05-26 12:29:39,178 [RapidOCR] main.py:50: Using /home/admin/miniconda3/lib/python3.12/site-packages/rapidocr/models/ch_ptocr_mobile_v2.0_cls_mobile.pth[0m
[32m[INFO] 2026-05-26 12:29:39,316 [RapidOCR] base.py:22: Using engine_name: torch[0m
[32m[INFO] 2026-05-26 12:29:39,316 [RapidOCR] device_config.py:57: Using CPU device[0m
[32m[INFO] 2026-05-26 12:29:39,774 [RapidOCR] download_file.py:60: File exists and is valid: /home/admin/miniconda3/lib/python3.12/site-packages/rapidocr/models/ch_PP-OCRv4_rec_mobile.pth[0m
[32m[INFO] 2026-05-26 12:29:39,774 [RapidOCR] main.py:50: Using /home/admin/miniconda3/lib/python3.12/site-packages/rapidocr/models/ch_PP-OCRv4_rec_mobile.pth[0m
[+] Procesando PDF: CNN3D_constantes_elasticas_nanoporosos_Zorkaltsev_2025.pdf
Loading weights:   0%|          | 0/770 [00:00<?, ?it/s]Loading weights:  86%|████████▌ | 664/770 [00:00<00:00, 6619.58it/s]Loading weights: 100%|██████████| 770/770 [00:00<00:00, 6731.38it/s]
[W526 12:29:50.610429988 NNPACK.cpp:56] Could not initialize NNPACK! Reason: Unsupported hardware.
[W526 12:29:50.610858961 NNPACK.cpp:56] Could not initialize NNPACK! Reason: Unsupported hardware.
[W526 12:29:50.659326601 NNPACK.cpp:56] Could not initialize NNPACK! Reason: Unsupported hardware.
[W526 12:29:50.659658213 NNPACK.cpp:56] Could not initialize NNPACK! Reason: Unsupported hardware.
[W526 12:29:51.058726458 NNPACK.cpp:56] Could not initialize NNPACK! Reason: Unsupported hardware.
[W526 12:29:51.059071829 NNPACK.cpp:56] Could not initialize NNPACK! Reason: Unsupported hardware.
[W526 12:29:51.063943346 NNPACK.cpp:56] Could not initialize NNPACK! Reason: Unsupported hardware.
[W526 12:29:51.064190379 NNPACK.cpp:56] Could not initialize NNPACK! Reason: Unsupported hardware.
[W526 12:29:51.072054507 NNPACK.cpp:56] Could not initialize NNPACK! Reason: Unsupported hardware.
[W526 12:29:51.072277095 NNPACK.cpp:56] Could not initialize NNPACK! Reason: Unsupported hardware.
[W526 12:29:51.102267057 NNPACK.cpp:56] Could not initialize NNPACK! Reason: Unsupported hardware.
[W526 12:29:51.102520445 NNPACK.cpp:56] Could not initialize NNPACK! Reason: Unsupported hardware.
[W526 12:29:51.148644309 NNPACK.cpp:56] Could not initialize NNPACK! Reason: Unsupported hardware.
[W526 12:29:51.149016779 NNPACK.cpp:56] Could not initialize NNPACK! Reason: Unsupported hardware.
[W526 12:29:51.153872651 NNPACK.cpp:56] Could not initialize NNPACK! Reason: Unsupported hardware.
[W526 12:29:51.154270614 NNPACK.cpp:56] Could not initialize NNPACK! Reason: Unsupported hardware.
[W526 12:29:51.167926014 NNPACK.cpp:56] Could not initialize NNPACK! Reason: Unsupported hardware.
[W526 12:29:51.168283119 NNPACK.cpp:56] Could not initialize NNPACK! Reason: Unsupported hardware.
[W526 12:29:51.219084686 NNPACK.cpp:56] Could not initialize NNPACK! Reason: Unsupported hardware.
[W526 12:29:51.219438578 NNPACK.cpp:56] Could not initialize NNPACK! Reason: Unsupported hardware.
[W526 12:30:10.280786370 NNPACK.cpp:56] Could not initialize NNPACK! Reason: Unsupported hardware.
[W526 12:30:10.281350069 NNPACK.cpp:56] Could not initialize NNPACK! Reason: Unsupported hardware.
[W526 12:30:10.413985775 NNPACK.cpp:56] Could not initialize NNPACK! Reason: Unsupported hardware.
[W526 12:30:10.414445548 NNPACK.cpp:56] Could not initialize NNPACK! Reason: Unsupported hardware.
[W526 12:30:11.140267514 NNPACK.cpp:56] Could not initialize NNPACK! Reason: Unsupported hardware.
[W526 12:30:11.141076779 NNPACK.cpp:56] Could not initialize NNPACK! Reason: Unsupported hardware.
[W526 12:30:11.151160573 NNPACK.cpp:56] Could not initialize NNPACK! Reason: Unsupported hardware.
[W526 12:30:11.151531228 NNPACK.cpp:56] Could not initialize NNPACK! Reason: Unsupported hardware.
[W526 12:30:11.174117183 NNPACK.cpp:56] Could not initialize NNPACK! Reason: Unsupported hardware.
[W526 12:30:11.175252264 NNPACK.cpp:56] Could not initialize NNPACK! Reason: Unsupported hardware.
[W526 12:30:11.248258726 NNPACK.cpp:56] Could not initialize NNPACK! Reason: Unsupported hardware.
[W526 12:30:11.248626516 NNPACK.cpp:56] Could not initialize NNPACK! Reason: Unsupported hardware.
[W526 12:30:11.370584208 NNPACK.cpp:56] Could not initialize NNPACK! Reason: Unsupported hardware.
[W526 12:30:11.371052362 NNPACK.cpp:56] Could not initialize NNPACK! Reason: Unsupported hardware.
[W526 12:30:11.387102524 NNPACK.cpp:56] Could not initialize NNPACK! Reason: Unsupported hardware.
[W526 12:30:11.387502722 NNPACK.cpp:56] Could not initialize NNPACK! Reason: Unsupported hardware.
[W526 12:30:11.447592716 NNPACK.cpp:56] Could not initialize NNPACK! Reason: Unsupported hardware.
[W526 12:30:11.447935224 NNPACK.cpp:56] Could not initialize NNPACK! Reason: Unsupported hardware.
[W526 12:30:11.686756014 NNPACK.cpp:56] Could not initialize NNPACK! Reason: Unsupported hardware.
[W526 12:30:11.686991104 NNPACK.cpp:56] Could not initialize NNPACK! Reason: Unsupported hardware.
[W526 12:30:14.253785083 NNPACK.cpp:56] Could not initialize NNPACK! Reason: Unsupported hardware.
[W526 12:30:14.255879241 NNPACK.cpp:56] Could not initialize NNPACK! Reason: Unsupported hardware.
[W526 12:30:14.256091074 NNPACK.cpp:56] Could not initialize NNPACK! Reason: Unsupported hardware.
[W526 12:30:14.256327840 NNPACK.cpp:56] Could not initialize NNPACK! Reason: Unsupported hardware.
[W526 12:30:14.256723847 NNPACK.cpp:56] Could not initialize NNPACK! Reason: Unsupported hardware.
[W526 12:30:14.258496171 NNPACK.cpp:56] Could not initialize NNPACK! Reason: Unsupported hardware.
[W526 12:30:14.258912293 NNPACK.cpp:56] Could not initialize NNPACK! Reason: Unsupported hardware.
[W526 12:30:14.261335968 NNPACK.cpp:56] Could not initialize NNPACK! Reason: Unsupported hardware.
[W526 12:30:14.261850917 NNPACK.cpp:56] Could not initialize NNPACK! Reason: Unsupported hardware.
[W526 12:30:14.264128272 NNPACK.cpp:56] Could not initialize NNPACK! Reason: Unsupported hardware.
[W526 12:30:14.264371953 NNPACK.cpp:56] Could not initialize NNPACK! Reason: Unsupported hardware.
[W526 12:30:14.264686663 NNPACK.cpp:56] Could not initialize NNPACK! Reason: Unsupported hardware.
[W526 12:30:14.265254343 NNPACK.cpp:56] Could not initialize NNPACK! Reason: Unsupported hardware.
[W526 12:30:14.268371066 NNPACK.cpp:56] Could not initialize NNPACK! Reason: Unsupported hardware.
[W526 12:30:14.268642055 NNPACK.cpp:56] Could not initialize NNPACK! Reason: Unsupported hardware.
[W526 12:30:14.270527314 NNPACK.cpp:56] Could not initialize NNPACK! Reason: Unsupported hardware.
[W526 12:30:14.273024953 NNPACK.cpp:56] Could not initialize NNPACK! Reason: Unsupported hardware.
[W526 12:30:14.273309491 NNPACK.cpp:56] Could not initialize NNPACK! Reason: Unsupported hardware.
[W526 12:30:14.274654239 NNPACK.cpp:56] Could not initialize NNPACK! Reason: Unsupported hardware.
[W526 12:30:14.277248889 NNPACK.cpp:56] Could not initialize NNPACK! Reason: Unsupported hardware.
[W526 12:30:14.277512335 NNPACK.cpp:56] Could not initialize NNPACK! Reason: Unsupported hardware.
[W526 12:30:14.277828372 NNPACK.cpp:56] Could not initialize NNPACK! Reason: Unsupported hardware.
[W526 12:30:14.278486219 NNPACK.cpp:56] Could not initialize NNPACK! Reason: Unsupported hardware.
[W526 12:30:14.281171315 NNPACK.cpp:56] Could not initialize NNPACK! Reason: Unsupported hardware.
[W526 12:30:14.281424145 NNPACK.cpp:56] Could not initialize NNPACK! Reason: Unsupported hardware.
[W526 12:30:14.281724049 NNPACK.cpp:56] Could not initialize NNPACK! Reason: Unsupported hardware.
[W526 12:30:14.282308421 NNPACK.cpp:56] Could not initialize NNPACK! Reason: Unsupported hardware.
[W526 12:30:14.285339168 NNPACK.cpp:56] Could not initialize NNPACK! Reason: Unsupported hardware.
[W526 12:30:14.285607363 NNPACK.cpp:56] Could not initialize NNPACK! Reason: Unsupported hardware.
[W526 12:30:14.285942258 NNPACK.cpp:56] Could not initialize NNPACK! Reason: Unsupported hardware.
[W526 12:30:14.286559247 NNPACK.cpp:56] Could not initialize NNPACK! Reason: Unsupported hardware.
[W526 12:30:14.290553960 NNPACK.cpp:56] Could not initialize NNPACK! Reason: Unsupported hardware.
[W526 12:30:14.290809933 NNPACK.cpp:56] Could not initialize NNPACK! Reason: Unsupported hardware.
[W526 12:30:14.293194427 NNPACK.cpp:56] Could not initialize NNPACK! Reason: Unsupported hardware.
[W526 12:30:14.296617828 NNPACK.cpp:56] Could not initialize NNPACK! Reason: Unsupported hardware.
[W526 12:30:14.296896849 NNPACK.cpp:56] Could not initialize NNPACK! Reason: Unsupported hardware.
[W526 12:30:14.298537938 NNPACK.cpp:56] Could not initialize NNPACK! Reason: Unsupported hardware.
[W526 12:30:51.373055139 NNPACK.cpp:56] Could not initialize NNPACK! Reason: Unsupported hardware.
[W526 12:30:51.375179888 NNPACK.cpp:56] Could not initialize NNPACK! Reason: Unsupported hardware.
[W526 12:30:51.480063668 NNPACK.cpp:56] Could not initialize NNPACK! Reason: Unsupported hardware.
[W526 12:30:51.480513733 NNPACK.cpp:56] Could not initialize NNPACK! Reason: Unsupported hardware.
[W526 12:30:51.660729662 NNPACK.cpp:56] Could not initialize NNPACK! Reason: Unsupported hardware.
[W526 12:30:51.666067936 NNPACK.cpp:56] Could not initialize NNPACK! Reason: Unsupported hardware.
[W526 12:30:51.670078434 NNPACK.cpp:56] Could not initialize NNPACK! Reason: Unsupported hardware.
[W526 12:31:00.474870049 NNPACK.cpp:56] Could not initialize NNPACK! Reason: Unsupported hardware.
[W526 12:31:00.475738820 NNPACK.cpp:56] Could not initialize NNPACK! Reason: Unsupported hardware.
[W526 12:31:00.583324109 NNPACK.cpp:56] Could not initialize NNPACK! Reason: Unsupported hardware.
[W526 12:31:00.583750568 NNPACK.cpp:56] Could not initialize NNPACK! Reason: Unsupported hardware.
[W526 12:31:01.828686490 NNPACK.cpp:56] Could not initialize NNPACK! Reason: Unsupported hardware.
[W526 12:31:01.829779176 NNPACK.cpp:56] Could not initialize NNPACK! Reason: Unsupported hardware.
[W526 12:31:01.840308007 NNPACK.cpp:56] Could not initialize NNPACK! Reason: Unsupported hardware.
[W526 12:31:01.840654146 NNPACK.cpp:56] Could not initialize NNPACK! Reason: Unsupported hardware.
[W526 12:31:01.866285167 NNPACK.cpp:56] Could not initialize NNPACK! Reason: Unsupported hardware.
[W526 12:31:01.866622646 NNPACK.cpp:56] Could not initialize NNPACK! Reason: Unsupported hardware.
[W526 12:31:01.959488902 NNPACK.cpp:56] Could not initialize NNPACK! Reason: Unsupported hardware.
[W526 12:31:01.960421998 NNPACK.cpp:56] Could not initialize NNPACK! Reason: Unsupported hardware.
[W526 12:31:02.178759865 NNPACK.cpp:56] Could not initialize NNPACK! Reason: Unsupported hardware.
[W526 12:31:02.179206927 NNPACK.cpp:56] Could not initialize NNPACK! Reason: Unsupported hardware.
[W526 12:31:02.262455378 NNPACK.cpp:56] Could not initialize NNPACK! Reason: Unsupported hardware.
[W526 12:31:02.262671052 NNPACK.cpp:56] Could not initialize NNPACK! Reason: Unsupported hardware.
[W526 12:31:02.347808953 NNPACK.cpp:56] Could not initialize NNPACK! Reason: Unsupported hardware.
[W526 12:31:02.348147549 NNPACK.cpp:56] Could not initialize NNPACK! Reason: Unsupported hardware.
[W526 12:31:02.627286898 NNPACK.cpp:56] Could not initialize NNPACK! Reason: Unsupported hardware.
[W526 12:31:02.627547620 NNPACK.cpp:56] Could not initialize NNPACK! Reason: Unsupported hardware.
[W526 12:31:16.026757081 NNPACK.cpp:56] Could not initialize NNPACK! Reason: Unsupported hardware.
[W526 12:31:16.027618659 NNPACK.cpp:56] Could not initialize NNPACK! Reason: Unsupported hardware.
[W526 12:31:16.096767091 NNPACK.cpp:56] Could not initialize NNPACK! Reason: Unsupported hardware.
[W526 12:31:16.097282878 NNPACK.cpp:56] Could not initialize NNPACK! Reason: Unsupported hardware.
[W526 12:31:16.445797999 NNPACK.cpp:56] Could not initialize NNPACK! Reason: Unsupported hardware.
[W526 12:31:16.446247645 NNPACK.cpp:56] Could not initialize NNPACK! Reason: Unsupported hardware.
[W526 12:31:16.452332605 NNPACK.cpp:56] Could not initialize NNPACK! Reason: Unsupported hardware.
[W526 12:31:16.452734689 NNPACK.cpp:56] Could not initialize NNPACK! Reason: Unsupported hardware.
[W526 12:31:16.463858787 NNPACK.cpp:56] Could not initialize NNPACK! Reason: Unsupported hardware.
[W526 12:31:16.464318980 NNPACK.cpp:56] Could not initialize NNPACK! Reason: Unsupported hardware.
[W526 12:31:16.493918592 NNPACK.cpp:56] Could not initialize NNPACK! Reason: Unsupported hardware.
[W526 12:31:16.494206553 NNPACK.cpp:56] Could not initialize NNPACK! Reason: Unsupported hardware.
[W526 12:31:16.538672776 NNPACK.cpp:56] Could not initialize NNPACK! Reason: Unsupported hardware.
[W526 12:31:16.539147286 NNPACK.cpp:56] Could not initialize NNPACK! Reason: Unsupported hardware.
[W526 12:31:16.549667247 NNPACK.cpp:56] Could not initialize NNPACK! Reason: Unsupported hardware.
[W526 12:31:16.550120315 NNPACK.cpp:56] Could not initialize NNPACK! Reason: Unsupported hardware.
[W526 12:31:16.582037652 NNPACK.cpp:56] Could not initialize NNPACK! Reason: Unsupported hardware.
[W526 12:31:16.582465437 NNPACK.cpp:56] Could not initialize NNPACK! Reason: Unsupported hardware.
[W526 12:31:16.700128445 NNPACK.cpp:56] Could not initialize NNPACK! Reason: Unsupported hardware.
[W526 12:31:16.700563774 NNPACK.cpp:56] Could not initialize NNPACK! Reason: Unsupported hardware.
[W526 12:31:24.507543006 NNPACK.cpp:56] Could not initialize NNPACK! Reason: Unsupported hardware.
[W526 12:31:24.509165936 NNPACK.cpp:56] Could not initialize NNPACK! Reason: Unsupported hardware.
[W526 12:31:24.565570273 NNPACK.cpp:56] Could not initialize NNPACK! Reason: Unsupported hardware.
[W526 12:31:24.565997849 NNPACK.cpp:56] Could not initialize NNPACK! Reason: Unsupported hardware.
[W526 12:31:24.839443498 NNPACK.cpp:56] Could not initialize NNPACK! Reason: Unsupported hardware.
[W526 12:31:24.839852146 NNPACK.cpp:56] Could not initialize NNPACK! Reason: Unsupported hardware.
[W526 12:31:24.844190066 NNPACK.cpp:56] Could not initialize NNPACK! Reason: Unsupported hardware.
[W526 12:31:24.844410000 NNPACK.cpp:56] Could not initialize NNPACK! Reason: Unsupported hardware.
[W526 12:31:24.853250038 NNPACK.cpp:56] Could not initialize NNPACK! Reason: Unsupported hardware.
[W526 12:31:24.853668814 NNPACK.cpp:56] Could not initialize NNPACK! Reason: Unsupported hardware.
[W526 12:31:24.877331532 NNPACK.cpp:56] Could not initialize NNPACK! Reason: Unsupported hardware.
[W526 12:31:24.877719927 NNPACK.cpp:56] Could not initialize NNPACK! Reason: Unsupported hardware.
[W526 12:31:24.916754077 NNPACK.cpp:56] Could not initialize NNPACK! Reason: Unsupported hardware.
[W526 12:31:24.917197787 NNPACK.cpp:56] Could not initialize NNPACK! Reason: Unsupported hardware.
[W526 12:31:24.924985997 NNPACK.cpp:56] Could not initialize NNPACK! Reason: Unsupported hardware.
[W526 12:31:24.925447237 NNPACK.cpp:56] Could not initialize NNPACK! Reason: Unsupported hardware.
[W526 12:31:24.948999674 NNPACK.cpp:56] Could not initialize NNPACK! Reason: Unsupported hardware.
[W526 12:31:24.949399452 NNPACK.cpp:56] Could not initialize NNPACK! Reason: Unsupported hardware.
[W526 12:31:25.042685742 NNPACK.cpp:56] Could not initialize NNPACK! Reason: Unsupported hardware.
[W526 12:31:25.042914826 NNPACK.cpp:56] Could not initialize NNPACK! Reason: Unsupported hardware.
[W526 12:31:35.097465814 NNPACK.cpp:56] Could not initialize NNPACK! Reason: Unsupported hardware.
[W526 12:31:35.097805598 NNPACK.cpp:56] Could not initialize NNPACK! Reason: Unsupported hardware.
[W526 12:31:35.256529238 NNPACK.cpp:56] Could not initialize NNPACK! Reason: Unsupported hardware.
[W526 12:31:35.256891860 NNPACK.cpp:56] Could not initialize NNPACK! Reason: Unsupported hardware.
[W526 12:31:35.790241392 NNPACK.cpp:56] Could not initialize NNPACK! Reason: Unsupported hardware.
[W526 12:31:35.790581246 NNPACK.cpp:56] Could not initialize NNPACK! Reason: Unsupported hardware.
[W526 12:31:35.816714714 NNPACK.cpp:56] Could not initialize NNPACK! Reason: Unsupported hardware.
[W526 12:31:35.817087254 NNPACK.cpp:56] Could not initialize NNPACK! Reason: Unsupported hardware.
[W526 12:31:35.841874367 NNPACK.cpp:56] Could not initialize NNPACK! Reason: Unsupported hardware.
[W526 12:31:35.842197668 NNPACK.cpp:56] Could not initialize NNPACK! Reason: Unsupported hardware.
[W526 12:31:35.897276463 NNPACK.cpp:56] Could not initialize NNPACK! Reason: Unsupported hardware.
[W526 12:31:35.897555763 NNPACK.cpp:56] Could not initialize NNPACK! Reason: Unsupported hardware.
[W526 12:31:36.011522007 NNPACK.cpp:56] Could not initialize NNPACK! Reason: Unsupported hardware.
[W526 12:31:36.011800749 NNPACK.cpp:56] Could not initialize NNPACK! Reason: Unsupported hardware.
[W526 12:31:36.026764999 NNPACK.cpp:56] Could not initialize NNPACK! Reason: Unsupported hardware.
[W526 12:31:36.027120009 NNPACK.cpp:56] Could not initialize NNPACK! Reason: Unsupported hardware.
[W526 12:31:36.079919144 NNPACK.cpp:56] Could not initialize NNPACK! Reason: Unsupported hardware.
[W526 12:31:36.080232807 NNPACK.cpp:56] Could not initialize NNPACK! Reason: Unsupported hardware.
[W526 12:31:36.257433916 NNPACK.cpp:56] Could not initialize NNPACK! Reason: Unsupported hardware.
[W526 12:31:36.257702251 NNPACK.cpp:56] Could not initialize NNPACK! Reason: Unsupported hardware.
[W526 12:32:19.597729896 NNPACK.cpp:56] Could not initialize NNPACK! Reason: Unsupported hardware.
[W526 12:32:19.600394249 NNPACK.cpp:56] Could not initialize NNPACK! Reason: Unsupported hardware.
[W526 12:32:19.842401894 NNPACK.cpp:56] Could not initialize NNPACK! Reason: Unsupported hardware.
[W526 12:32:19.842710668 NNPACK.cpp:56] Could not initialize NNPACK! Reason: Unsupported hardware.
[W526 12:32:20.685645739 NNPACK.cpp:56] Could not initialize NNPACK! Reason: Unsupported hardware.
[W526 12:32:20.685889420 NNPACK.cpp:56] Could not initialize NNPACK! Reason: Unsupported hardware.
[W526 12:32:20.692097653 NNPACK.cpp:56] Could not initialize NNPACK! Reason: Unsupported hardware.
[W526 12:32:20.692510352 NNPACK.cpp:56] Could not initialize NNPACK! Reason: Unsupported hardware.
[W526 12:32:20.705393505 NNPACK.cpp:56] Could not initialize NNPACK! Reason: Unsupported hardware.
[W526 12:32:20.705784553 NNPACK.cpp:56] Could not initialize NNPACK! Reason: Unsupported hardware.
[W526 12:32:20.758686009 NNPACK.cpp:56] Could not initialize NNPACK! Reason: Unsupported hardware.
[W526 12:32:20.759158424 NNPACK.cpp:56] Could not initialize NNPACK! Reason: Unsupported hardware.
[W526 12:32:20.865577765 NNPACK.cpp:56] Could not initialize NNPACK! Reason: Unsupported hardware.
[W526 12:32:20.865856576 NNPACK.cpp:56] Could not initialize NNPACK! Reason: Unsupported hardware.
[W526 12:32:20.883341932 NNPACK.cpp:56] Could not initialize NNPACK! Reason: Unsupported hardware.
[W526 12:32:20.883568432 NNPACK.cpp:56] Could not initialize NNPACK! Reason: Unsupported hardware.
[W526 12:32:20.932561220 NNPACK.cpp:56] Could not initialize NNPACK! Reason: Unsupported hardware.
[W526 12:32:20.932794145 NNPACK.cpp:56] Could not initialize NNPACK! Reason: Unsupported hardware.
[W526 12:32:21.100822489 NNPACK.cpp:56] Could not initialize NNPACK! Reason: Unsupported hardware.
[W526 12:32:21.101064423 NNPACK.cpp:56] Could not initialize NNPACK! Reason: Unsupported hardware.
[W526 12:32:51.893183569 NNPACK.cpp:56] Could not initialize NNPACK! Reason: Unsupported hardware.
[W526 12:32:51.894025381 NNPACK.cpp:56] Could not initialize NNPACK! Reason: Unsupported hardware.
[W526 12:32:52.041479794 NNPACK.cpp:56] Could not initialize NNPACK! Reason: Unsupported hardware.
[W526 12:32:52.041932024 NNPACK.cpp:56] Could not initialize NNPACK! Reason: Unsupported hardware.
[W526 12:32:52.720773966 NNPACK.cpp:56] Could not initialize NNPACK! Reason: Unsupported hardware.
[W526 12:32:52.721662503 NNPACK.cpp:56] Could not initialize NNPACK! Reason: Unsupported hardware.
[W526 12:32:52.731373478 NNPACK.cpp:56] Could not initialize NNPACK! Reason: Unsupported hardware.
[W526 12:32:52.731782964 NNPACK.cpp:56] Could not initialize NNPACK! Reason: Unsupported hardware.
[W526 12:32:52.758534469 NNPACK.cpp:56] Could not initialize NNPACK! Reason: Unsupported hardware.
[W526 12:32:52.758754473 NNPACK.cpp:56] Could not initialize NNPACK! Reason: Unsupported hardware.
[W526 12:32:52.864825511 NNPACK.cpp:56] Could not initialize NNPACK! Reason: Unsupported hardware.
[W526 12:32:52.865387813 NNPACK.cpp:56] Could not initialize NNPACK! Reason: Unsupported hardware.
[W526 12:32:53.999969758 NNPACK.cpp:56] Could not initialize NNPACK! Reason: Unsupported hardware.
[W526 12:32:53.000494625 NNPACK.cpp:56] Could not initialize NNPACK! Reason: Unsupported hardware.
[W526 12:32:53.014192072 NNPACK.cpp:56] Could not initialize NNPACK! Reason: Unsupported hardware.
[W526 12:32:53.014635991 NNPACK.cpp:56] Could not initialize NNPACK! Reason: Unsupported hardware.
[W526 12:32:53.077193805 NNPACK.cpp:56] Could not initialize NNPACK! Reason: Unsupported hardware.
[W526 12:32:53.077632975 NNPACK.cpp:56] Could not initialize NNPACK! Reason: Unsupported hardware.
[W526 12:32:53.264705423 NNPACK.cpp:56] Could not initialize NNPACK! Reason: Unsupported hardware.
[W526 12:32:53.265916981 NNPACK.cpp:56] Could not initialize NNPACK! Reason: Unsupported hardware.
[W526 12:33:51.466266256 NNPACK.cpp:56] Could not initialize NNPACK! Reason: Unsupported hardware.
[W526 12:33:51.466537804 NNPACK.cpp:56] Could not initialize NNPACK! Reason: Unsupported hardware.
[W526 12:33:51.572763614 NNPACK.cpp:56] Could not initialize NNPACK! Reason: Unsupported hardware.
[W526 12:33:51.573233375 NNPACK.cpp:56] Could not initialize NNPACK! Reason: Unsupported hardware.
[W526 12:33:51.923338199 NNPACK.cpp:56] Could not initialize NNPACK! Reason: Unsupported hardware.
[W526 12:33:51.923726942 NNPACK.cpp:56] Could not initialize NNPACK! Reason: Unsupported hardware.
[W526 12:33:51.932363600 NNPACK.cpp:56] Could not initialize NNPACK! Reason: Unsupported hardware.
[W526 12:33:51.932583814 NNPACK.cpp:56] Could not initialize NNPACK! Reason: Unsupported hardware.
[W526 12:33:51.943178576 NNPACK.cpp:56] Could not initialize NNPACK! Reason: Unsupported hardware.
[W526 12:33:51.943827483 NNPACK.cpp:56] Could not initialize NNPACK! Reason: Unsupported hardware.
[W526 12:33:52.984507405 NNPACK.cpp:56] Could not initialize NNPACK! Reason: Unsupported hardware.
[W526 12:33:52.984748432 NNPACK.cpp:56] Could not initialize NNPACK! Reason: Unsupported hardware.
[W526 12:33:52.064174615 NNPACK.cpp:56] Could not initialize NNPACK! Reason: Unsupported hardware.
[W526 12:33:52.064595207 NNPACK.cpp:56] Could not initialize NNPACK! Reason: Unsupported hardware.
[W526 12:33:52.077308922 NNPACK.cpp:56] Could not initialize NNPACK! Reason: Unsupported hardware.
[W526 12:33:52.079351537 NNPACK.cpp:56] Could not initialize NNPACK! Reason: Unsupported hardware.
[W526 12:33:52.129468023 NNPACK.cpp:56] Could not initialize NNPACK! Reason: Unsupported hardware.
[W526 12:33:52.130342102 NNPACK.cpp:56] Could not initialize NNPACK! Reason: Unsupported hardware.
[W526 12:33:52.279236042 NNPACK.cpp:56] Could not initialize NNPACK! Reason: Unsupported hardware.
[W526 12:33:52.279495576 NNPACK.cpp:56] Could not initialize NNPACK! Reason: Unsupported hardware.
[W526 12:33:53.035510873 NNPACK.cpp:56] Could not initialize NNPACK! Reason: Unsupported hardware.
[W526 12:33:53.044411745 NNPACK.cpp:56] Could not initialize NNPACK! Reason: Unsupported hardware.
[W526 12:33:53.044861042 NNPACK.cpp:56] Could not initialize NNPACK! Reason: Unsupported hardware.
[W526 12:33:53.045243499 NNPACK.cpp:56] Could not initialize NNPACK! Reason: Unsupported hardware.
[W526 12:33:53.048204054 NNPACK.cpp:56] Could not initialize NNPACK! Reason: Unsupported hardware.
[W526 12:33:53.053325677 NNPACK.cpp:56] Could not initialize NNPACK! Reason: Unsupported hardware.
[W526 12:33:53.055627687 NNPACK.cpp:56] Could not initialize NNPACK! Reason: Unsupported hardware.
[W526 12:33:53.062592314 NNPACK.cpp:56] Could not initialize NNPACK! Reason: Unsupported hardware.
[W526 12:33:53.063241710 NNPACK.cpp:56] Could not initialize NNPACK! Reason: Unsupported hardware.
[W526 12:33:53.070520769 NNPACK.cpp:56] Could not initialize NNPACK! Reason: Unsupported hardware.
[W526 12:33:53.071061769 NNPACK.cpp:56] Could not initialize NNPACK! Reason: Unsupported hardware.
[W526 12:33:53.071402461 NNPACK.cpp:56] Could not initialize NNPACK! Reason: Unsupported hardware.
[W526 12:33:53.072183579 NNPACK.cpp:56] Could not initialize NNPACK! Reason: Unsupported hardware.
[W526 12:33:53.079929954 NNPACK.cpp:56] Could not initialize NNPACK! Reason: Unsupported hardware.
[W526 12:33:53.080404884 NNPACK.cpp:56] Could not initialize NNPACK! Reason: Unsupported hardware.
[W526 12:33:53.086557382 NNPACK.cpp:56] Could not initialize NNPACK! Reason: Unsupported hardware.
[W526 12:33:53.090758620 NNPACK.cpp:56] Could not initialize NNPACK! Reason: Unsupported hardware.
[W526 12:33:53.091142265 NNPACK.cpp:56] Could not initialize NNPACK! Reason: Unsupported hardware.
[W526 12:33:53.092768478 NNPACK.cpp:56] Could not initialize NNPACK! Reason: Unsupported hardware.
[W526 12:33:53.106712190 NNPACK.cpp:56] Could not initialize NNPACK! Reason: Unsupported hardware.
[W526 12:33:53.107375694 NNPACK.cpp:56] Could not initialize NNPACK! Reason: Unsupported hardware.
[W526 12:33:53.109230083 NNPACK.cpp:56] Could not initialize NNPACK! Reason: Unsupported hardware.
[W526 12:33:53.112383544 NNPACK.cpp:56] Could not initialize NNPACK! Reason: Unsupported hardware.
[W526 12:33:53.128055649 NNPACK.cpp:56] Could not initialize NNPACK! Reason: Unsupported hardware.
[W526 12:33:53.133852649 NNPACK.cpp:56] Could not initialize NNPACK! Reason: Unsupported hardware.
[W526 12:33:53.134557080 NNPACK.cpp:56] Could not initialize NNPACK! Reason: Unsupported hardware.
[W526 12:33:53.136600394 NNPACK.cpp:56] Could not initialize NNPACK! Reason: Unsupported hardware.
[W526 12:33:53.140608237 NNPACK.cpp:56] Could not initialize NNPACK! Reason: Unsupported hardware.
[W526 12:33:53.141717686 NNPACK.cpp:56] Could not initialize NNPACK! Reason: Unsupported hardware.
[W526 12:33:53.142337469 NNPACK.cpp:56] Could not initialize NNPACK! Reason: Unsupported hardware.
[W526 12:33:53.144779513 NNPACK.cpp:56] Could not initialize NNPACK! Reason: Unsupported hardware.
[W526 12:33:53.158756330 NNPACK.cpp:56] Could not initialize NNPACK! Reason: Unsupported hardware.
[W526 12:33:53.160115396 NNPACK.cpp:56] Could not initialize NNPACK! Reason: Unsupported hardware.
[W526 12:33:53.165998931 NNPACK.cpp:56] Could not initialize NNPACK! Reason: Unsupported hardware.
[W526 12:33:53.174228476 NNPACK.cpp:56] Could not initialize NNPACK! Reason: Unsupported hardware.
[W526 12:33:53.174471249 NNPACK.cpp:56] Could not initialize NNPACK! Reason: Unsupported hardware.
[W526 12:33:53.178620803 NNPACK.cpp:56] Could not initialize NNPACK! Reason: Unsupported hardware.
[W526 12:34:08.421696735 NNPACK.cpp:56] Could not initialize NNPACK! Reason: Unsupported hardware.
[W526 12:34:08.422788374 NNPACK.cpp:56] Could not initialize NNPACK! Reason: Unsupported hardware.
[W526 12:34:08.571141454 NNPACK.cpp:56] Could not initialize NNPACK! Reason: Unsupported hardware.
[W526 12:34:08.571710880 NNPACK.cpp:56] Could not initialize NNPACK! Reason: Unsupported hardware.
[W526 12:34:09.012518245 NNPACK.cpp:56] Could not initialize NNPACK! Reason: Unsupported hardware.
[W526 12:34:09.028301959 NNPACK.cpp:56] Could not initialize NNPACK! Reason: Unsupported hardware.
[W526 12:34:09.043528608 NNPACK.cpp:56] Could not initialize NNPACK! Reason: Unsupported hardware.
[W526 12:34:13.390074415 NNPACK.cpp:56] Could not initialize NNPACK! Reason: Unsupported hardware.
[W526 12:34:13.390754611 NNPACK.cpp:56] Could not initialize NNPACK! Reason: Unsupported hardware.
[W526 12:34:13.508249025 NNPACK.cpp:56] Could not initialize NNPACK! Reason: Unsupported hardware.
[W526 12:34:13.509347229 NNPACK.cpp:56] Could not initialize NNPACK! Reason: Unsupported hardware.
[W526 12:34:14.239468691 NNPACK.cpp:56] Could not initialize NNPACK! Reason: Unsupported hardware.
[W526 12:34:14.239842907 NNPACK.cpp:56] Could not initialize NNPACK! Reason: Unsupported hardware.
[W526 12:34:14.245411452 NNPACK.cpp:56] Could not initialize NNPACK! Reason: Unsupported hardware.
[W526 12:34:14.245765205 NNPACK.cpp:56] Could not initialize NNPACK! Reason: Unsupported hardware.
[W526 12:34:14.260033196 NNPACK.cpp:56] Could not initialize NNPACK! Reason: Unsupported hardware.
[W526 12:34:14.260492480 NNPACK.cpp:56] Could not initialize NNPACK! Reason: Unsupported hardware.
[W526 12:34:14.308340691 NNPACK.cpp:56] Could not initialize NNPACK! Reason: Unsupported hardware.
[W526 12:34:14.308859830 NNPACK.cpp:56] Could not initialize NNPACK! Reason: Unsupported hardware.
[W526 12:34:14.374253881 NNPACK.cpp:56] Could not initialize NNPACK! Reason: Unsupported hardware.
[W526 12:34:14.374618599 NNPACK.cpp:56] Could not initialize NNPACK! Reason: Unsupported hardware.
[W526 12:34:14.387898947 NNPACK.cpp:56] Could not initialize NNPACK! Reason: Unsupported hardware.
[W526 12:34:14.388485903 NNPACK.cpp:56] Could not initialize NNPACK! Reason: Unsupported hardware.
[W526 12:34:14.429548563 NNPACK.cpp:56] Could not initialize NNPACK! Reason: Unsupported hardware.
[W526 12:34:14.430100109 NNPACK.cpp:56] Could not initialize NNPACK! Reason: Unsupported hardware.
[W526 12:34:14.572899101 NNPACK.cpp:56] Could not initialize NNPACK! Reason: Unsupported hardware.
[W526 12:34:14.573245520 NNPACK.cpp:56] Could not initialize NNPACK! Reason: Unsupported hardware.
[+] Figuras encontradas: 9
  [+] fig_001 → fig_001_no_caption.png
  [+] fig_002 → fig_002_no_caption.png
  [+] fig_003 → fig_003_Fig_1__Typical_NPG_structures_with_sol.png
  [+] fig_004 → fig_004_Fig_2__Nanoporous_structure_represente.png
  [+] fig_005 → fig_005_Fig_3__Distributions_of_MD-computed_el.png
  [+] fig_006 → fig_006_Fig_4__Distributions_of_as-built_solid.png
  [+] fig_007 → fig_007_no_caption.png
  [+] fig_008 → fig_008_Fig_6__R_2_test_score_as_a_function_of.png
  [+] fig_009 → fig_009_Fig_7__CNN-predicted_elastic_modulus_v.png
[+] Imágenes guardadas en: /media/admin/ALMACEN_GRANDE_1/ilovepappers/pappers/CNN3D_constantes_elasticas_nanoporosos_Zorkaltsev_2025_figures/images
[+] JSON guardado en: /media/admin/ALMACEN_GRANDE_1/ilovepappers/pappers/CNN3D_constantes_elasticas_nanoporosos_Zorkaltsev_2025_figures/figures.json
[+] Markdown guardado en: /media/admin/ALMACEN_GRANDE_1/ilovepappers/pappers/CNN3D_constantes_elasticas_nanoporosos_Zorkaltsev_2025_figures/figures.md
[+] TXT guardado en: /media/admin/ALMACEN_GRANDE_1/ilovepappers/pappers/CNN3D_constantes_elasticas_nanoporosos_Zorkaltsev_2025_figures/captions.txt
[+] CSV guardado en: /media/admin/ALMACEN_GRANDE_1/ilovepappers/pappers/CNN3D_constantes_elasticas_nanoporosos_Zorkaltsev_2025_figures/captions.csv

✓ Extracción completada.
Salida: /media/admin/ALMACEN_GRANDE_1/ilovepappers/pappers/CNN3D_constantes_elasticas_nanoporosos_Zorkaltsev_2025_figures
    OK

[6] >>> CVAE_defectos_STEM_Ayyubi_2026.pdf
[32m[INFO] 2026-05-26 12:36:29,433 [RapidOCR] base.py:22: Using engine_name: torch[0m
[32m[INFO] 2026-05-26 12:36:29,436 [RapidOCR] device_config.py:57: Using CPU device[0m
[32m[INFO] 2026-05-26 12:36:29,479 [RapidOCR] download_file.py:60: File exists and is valid: /home/admin/miniconda3/lib/python3.12/site-packages/rapidocr/models/ch_PP-OCRv4_det_mobile.pth[0m
[32m[INFO] 2026-05-26 12:36:29,480 [RapidOCR] main.py:50: Using /home/admin/miniconda3/lib/python3.12/site-packages/rapidocr/models/ch_PP-OCRv4_det_mobile.pth[0m
[32m[INFO] 2026-05-26 12:36:30,894 [RapidOCR] base.py:22: Using engine_name: torch[0m
[32m[INFO] 2026-05-26 12:36:30,898 [RapidOCR] device_config.py:57: Using CPU device[0m
[32m[INFO] 2026-05-26 12:36:30,903 [RapidOCR] download_file.py:60: File exists and is valid: /home/admin/miniconda3/lib/python3.12/site-packages/rapidocr/models/ch_ptocr_mobile_v2.0_cls_mobile.pth[0m
[32m[INFO] 2026-05-26 12:36:30,904 [RapidOCR] main.py:50: Using /home/admin/miniconda3/lib/python3.12/site-packages/rapidocr/models/ch_ptocr_mobile_v2.0_cls_mobile.pth[0m
[32m[INFO] 2026-05-26 12:36:31,179 [RapidOCR] base.py:22: Using engine_name: torch[0m
[32m[INFO] 2026-05-26 12:36:31,180 [RapidOCR] device_config.py:57: Using CPU device[0m
[32m[INFO] 2026-05-26 12:36:31,331 [RapidOCR] download_file.py:60: File exists and is valid: /home/admin/miniconda3/lib/python3.12/site-packages/rapidocr/models/ch_PP-OCRv4_rec_mobile.pth[0m
[32m[INFO] 2026-05-26 12:36:31,332 [RapidOCR] main.py:50: Using /home/admin/miniconda3/lib/python3.12/site-packages/rapidocr/models/ch_PP-OCRv4_rec_mobile.pth[0m
[+] Procesando PDF: CVAE_defectos_STEM_Ayyubi_2026.pdf
Loading weights:   0%|          | 0/770 [00:00<?, ?it/s]Loading weights:  25%|██▍       | 189/770 [00:00<00:00, 1865.96it/s]Loading weights:  86%|████████▌ | 663/770 [00:00<00:00, 3541.88it/s]Loading weights: 100%|██████████| 770/770 [00:00<00:00, 3394.36it/s]
[W526 12:36:53.509268627 NNPACK.cpp:56] Could not initialize NNPACK! Reason: Unsupported hardware.
[W526 12:36:53.513565200 NNPACK.cpp:56] Could not initialize NNPACK! Reason: Unsupported hardware.
[W526 12:36:53.771238753 NNPACK.cpp:56] Could not initialize NNPACK! Reason: Unsupported hardware.
[W526 12:36:53.771543406 NNPACK.cpp:56] Could not initialize NNPACK! Reason: Unsupported hardware.
[W526 12:36:55.591689849 NNPACK.cpp:56] Could not initialize NNPACK! Reason: Unsupported hardware.
[W526 12:36:55.593404274 NNPACK.cpp:56] Could not initialize NNPACK! Reason: Unsupported hardware.
[W526 12:36:55.614761422 NNPACK.cpp:56] Could not initialize NNPACK! Reason: Unsupported hardware.
[W526 12:36:55.615029408 NNPACK.cpp:56] Could not initialize NNPACK! Reason: Unsupported hardware.
[W526 12:36:55.664249328 NNPACK.cpp:56] Could not initialize NNPACK! Reason: Unsupported hardware.
[W526 12:36:55.664492310 NNPACK.cpp:56] Could not initialize NNPACK! Reason: Unsupported hardware.
[W526 12:36:56.004908313 NNPACK.cpp:56] Could not initialize NNPACK! Reason: Unsupported hardware.
[W526 12:36:56.012784385 NNPACK.cpp:56] Could not initialize NNPACK! Reason: Unsupported hardware.
[W526 12:36:56.455281328 NNPACK.cpp:56] Could not initialize NNPACK! Reason: Unsupported hardware.
[W526 12:36:56.455506570 NNPACK.cpp:56] Could not initialize NNPACK! Reason: Unsupported hardware.
[W526 12:36:56.491285643 NNPACK.cpp:56] Could not initialize NNPACK! Reason: Unsupported hardware.
[W526 12:36:56.491493145 NNPACK.cpp:56] Could not initialize NNPACK! Reason: Unsupported hardware.
[W526 12:36:56.587393719 NNPACK.cpp:56] Could not initialize NNPACK! Reason: Unsupported hardware.
[W526 12:36:56.587596053 NNPACK.cpp:56] Could not initialize NNPACK! Reason: Unsupported hardware.
[W526 12:36:57.988514059 NNPACK.cpp:56] Could not initialize NNPACK! Reason: Unsupported hardware.
[W526 12:36:57.989126718 NNPACK.cpp:56] Could not initialize NNPACK! Reason: Unsupported hardware.
[W526 12:37:13.098159008 NNPACK.cpp:56] Could not initialize NNPACK! Reason: Unsupported hardware.
[W526 12:37:13.105093115 NNPACK.cpp:56] Could not initialize NNPACK! Reason: Unsupported hardware.
[W526 12:37:13.105468519 NNPACK.cpp:56] Could not initialize NNPACK! Reason: Unsupported hardware.
[W526 12:37:13.105839243 NNPACK.cpp:56] Could not initialize NNPACK! Reason: Unsupported hardware.
[W526 12:37:13.107708229 NNPACK.cpp:56] Could not initialize NNPACK! Reason: Unsupported hardware.
[W526 12:37:13.113276425 NNPACK.cpp:56] Could not initialize NNPACK! Reason: Unsupported hardware.
[W526 12:37:13.113939161 NNPACK.cpp:56] Could not initialize NNPACK! Reason: Unsupported hardware.
[W526 12:37:13.116992746 NNPACK.cpp:56] Could not initialize NNPACK! Reason: Unsupported hardware.
[W526 12:37:13.118543181 NNPACK.cpp:56] Could not initialize NNPACK! Reason: Unsupported hardware.
[W526 12:37:13.124182407 NNPACK.cpp:56] Could not initialize NNPACK! Reason: Unsupported hardware.
[W526 12:37:13.124436913 NNPACK.cpp:56] Could not initialize NNPACK! Reason: Unsupported hardware.
[W526 12:37:13.124728855 NNPACK.cpp:56] Could not initialize NNPACK! Reason: Unsupported hardware.
[W526 12:37:13.129834833 NNPACK.cpp:56] Could not initialize NNPACK! Reason: Unsupported hardware.
[W526 12:37:13.136931812 NNPACK.cpp:56] Could not initialize NNPACK! Reason: Unsupported hardware.
[W526 12:37:13.137208598 NNPACK.cpp:56] Could not initialize NNPACK! Reason: Unsupported hardware.
[W526 12:37:13.145244820 NNPACK.cpp:56] Could not initialize NNPACK! Reason: Unsupported hardware.
[W526 12:37:13.147698737 NNPACK.cpp:56] Could not initialize NNPACK! Reason: Unsupported hardware.
[W526 12:37:13.147965815 NNPACK.cpp:56] Could not initialize NNPACK! Reason: Unsupported hardware.
[W526 12:37:13.155284195 NNPACK.cpp:56] Could not initialize NNPACK! Reason: Unsupported hardware.
[W526 12:37:13.163722361 NNPACK.cpp:56] Could not initialize NNPACK! Reason: Unsupported hardware.
[W526 12:37:13.165306319 NNPACK.cpp:56] Could not initialize NNPACK! Reason: Unsupported hardware.
[W526 12:37:13.166396282 NNPACK.cpp:56] Could not initialize NNPACK! Reason: Unsupported hardware.
[W526 12:37:13.168635783 NNPACK.cpp:56] Could not initialize NNPACK! Reason: Unsupported hardware.
[W526 12:37:13.177640581 NNPACK.cpp:56] Could not initialize NNPACK! Reason: Unsupported hardware.
[W526 12:37:13.181460409 NNPACK.cpp:56] Could not initialize NNPACK! Reason: Unsupported hardware.
[W526 12:37:13.181832809 NNPACK.cpp:56] Could not initialize NNPACK! Reason: Unsupported hardware.
[W526 12:37:13.186102842 NNPACK.cpp:56] Could not initialize NNPACK! Reason: Unsupported hardware.
[W526 12:37:13.205577315 NNPACK.cpp:56] Could not initialize NNPACK! Reason: Unsupported hardware.
[W526 12:37:13.205832590 NNPACK.cpp:56] Could not initialize NNPACK! Reason: Unsupported hardware.
[W526 12:37:13.206133192 NNPACK.cpp:56] Could not initialize NNPACK! Reason: Unsupported hardware.
[W526 12:37:13.212680371 NNPACK.cpp:56] Could not initialize NNPACK! Reason: Unsupported hardware.
[W526 12:37:13.235398122 NNPACK.cpp:56] Could not initialize NNPACK! Reason: Unsupported hardware.
[W526 12:37:13.235813196 NNPACK.cpp:56] Could not initialize NNPACK! Reason: Unsupported hardware.
[W526 12:37:13.728526922 NNPACK.cpp:56] Could not initialize NNPACK! Reason: Unsupported hardware.
[W526 12:37:13.920806212 NNPACK.cpp:56] Could not initialize NNPACK! Reason: Unsupported hardware.
[W526 12:37:13.921314317 NNPACK.cpp:56] Could not initialize NNPACK! Reason: Unsupported hardware.
[W526 12:37:13.931440995 NNPACK.cpp:56] Could not initialize NNPACK! Reason: Unsupported hardware.
[W526 12:38:29.948889558 NNPACK.cpp:56] Could not initialize NNPACK! Reason: Unsupported hardware.
[W526 12:38:29.949151956 NNPACK.cpp:56] Could not initialize NNPACK! Reason: Unsupported hardware.
[W526 12:38:30.017522141 NNPACK.cpp:56] Could not initialize NNPACK! Reason: Unsupported hardware.
[W526 12:38:30.017773085 NNPACK.cpp:56] Could not initialize NNPACK! Reason: Unsupported hardware.
[W526 12:38:30.205750916 NNPACK.cpp:56] Could not initialize NNPACK! Reason: Unsupported hardware.
[W526 12:38:30.213482904 NNPACK.cpp:56] Could not initialize NNPACK! Reason: Unsupported hardware.
[W526 12:38:30.217788486 NNPACK.cpp:56] Could not initialize NNPACK! Reason: Unsupported hardware.
[W526 12:38:35.125201166 NNPACK.cpp:56] Could not initialize NNPACK! Reason: Unsupported hardware.
[W526 12:38:35.126027753 NNPACK.cpp:56] Could not initialize NNPACK! Reason: Unsupported hardware.
[W526 12:38:35.560939105 NNPACK.cpp:56] Could not initialize NNPACK! Reason: Unsupported hardware.
[W526 12:38:35.561432473 NNPACK.cpp:56] Could not initialize NNPACK! Reason: Unsupported hardware.
[W526 12:38:36.505020210 NNPACK.cpp:56] Could not initialize NNPACK! Reason: Unsupported hardware.
[W526 12:38:36.505252925 NNPACK.cpp:56] Could not initialize NNPACK! Reason: Unsupported hardware.
[W526 12:38:36.529577404 NNPACK.cpp:56] Could not initialize NNPACK! Reason: Unsupported hardware.
[W526 12:38:36.529782461 NNPACK.cpp:56] Could not initialize NNPACK! Reason: Unsupported hardware.
[W526 12:38:36.561649725 NNPACK.cpp:56] Could not initialize NNPACK! Reason: Unsupported hardware.
[W526 12:38:36.561844096 NNPACK.cpp:56] Could not initialize NNPACK! Reason: Unsupported hardware.
[W526 12:38:36.643270086 NNPACK.cpp:56] Could not initialize NNPACK! Reason: Unsupported hardware.
[W526 12:38:36.643515513 NNPACK.cpp:56] Could not initialize NNPACK! Reason: Unsupported hardware.
[W526 12:38:36.777899465 NNPACK.cpp:56] Could not initialize NNPACK! Reason: Unsupported hardware.
[W526 12:38:36.778417557 NNPACK.cpp:56] Could not initialize NNPACK! Reason: Unsupported hardware.
[W526 12:38:36.801381084 NNPACK.cpp:56] Could not initialize NNPACK! Reason: Unsupported hardware.
[W526 12:38:36.801851264 NNPACK.cpp:56] Could not initialize NNPACK! Reason: Unsupported hardware.
[W526 12:38:36.854217381 NNPACK.cpp:56] Could not initialize NNPACK! Reason: Unsupported hardware.
[W526 12:38:36.854414267 NNPACK.cpp:56] Could not initialize NNPACK! Reason: Unsupported hardware.
[W526 12:38:37.114268238 NNPACK.cpp:56] Could not initialize NNPACK! Reason: Unsupported hardware.
[W526 12:38:37.114824674 NNPACK.cpp:56] Could not initialize NNPACK! Reason: Unsupported hardware.
[W526 12:39:01.839361636 NNPACK.cpp:56] Could not initialize NNPACK! Reason: Unsupported hardware.
[W526 12:39:01.844621617 NNPACK.cpp:56] Could not initialize NNPACK! Reason: Unsupported hardware.
[W526 12:39:02.057067524 NNPACK.cpp:56] Could not initialize NNPACK! Reason: Unsupported hardware.
[W526 12:39:02.057836071 NNPACK.cpp:56] Could not initialize NNPACK! Reason: Unsupported hardware.
[W526 12:39:02.749074630 NNPACK.cpp:56] Could not initialize NNPACK! Reason: Unsupported hardware.
[W526 12:39:02.749339263 NNPACK.cpp:56] Could not initialize NNPACK! Reason: Unsupported hardware.
[W526 12:39:02.759335266 NNPACK.cpp:56] Could not initialize NNPACK! Reason: Unsupported hardware.
[W526 12:39:02.759595081 NNPACK.cpp:56] Could not initialize NNPACK! Reason: Unsupported hardware.
[W526 12:39:02.782638647 NNPACK.cpp:56] Could not initialize NNPACK! Reason: Unsupported hardware.
[W526 12:39:02.782942462 NNPACK.cpp:56] Could not initialize NNPACK! Reason: Unsupported hardware.
[W526 12:39:02.881799473 NNPACK.cpp:56] Could not initialize NNPACK! Reason: Unsupported hardware.
[W526 12:39:02.882125218 NNPACK.cpp:56] Could not initialize NNPACK! Reason: Unsupported hardware.
[W526 12:39:03.205586394 NNPACK.cpp:56] Could not initialize NNPACK! Reason: Unsupported hardware.
[W526 12:39:03.205830983 NNPACK.cpp:56] Could not initialize NNPACK! Reason: Unsupported hardware.
[W526 12:39:03.237312366 NNPACK.cpp:56] Could not initialize NNPACK! Reason: Unsupported hardware.
[W526 12:39:03.239318733 NNPACK.cpp:56] Could not initialize NNPACK! Reason: Unsupported hardware.
[W526 12:39:03.329477065 NNPACK.cpp:56] Could not initialize NNPACK! Reason: Unsupported hardware.
[W526 12:39:03.329812169 NNPACK.cpp:56] Could not initialize NNPACK! Reason: Unsupported hardware.
[W526 12:39:03.565864504 NNPACK.cpp:56] Could not initialize NNPACK! Reason: Unsupported hardware.
[W526 12:39:03.566470039 NNPACK.cpp:56] Could not initialize NNPACK! Reason: Unsupported hardware.
[W526 12:40:53.968962740 NNPACK.cpp:56] Could not initialize NNPACK! Reason: Unsupported hardware.
[W526 12:40:53.969689940 NNPACK.cpp:56] Could not initialize NNPACK! Reason: Unsupported hardware.
[W526 12:40:54.037553279 NNPACK.cpp:56] Could not initialize NNPACK! Reason: Unsupported hardware.
[W526 12:40:54.038140305 NNPACK.cpp:56] Could not initialize NNPACK! Reason: Unsupported hardware.
[W526 12:40:54.347252686 NNPACK.cpp:56] Could not initialize NNPACK! Reason: Unsupported hardware.
[W526 12:40:54.347572845 NNPACK.cpp:56] Could not initialize NNPACK! Reason: Unsupported hardware.
[W526 12:40:54.352764869 NNPACK.cpp:56] Could not initialize NNPACK! Reason: Unsupported hardware.
[W526 12:40:54.352962873 NNPACK.cpp:56] Could not initialize NNPACK! Reason: Unsupported hardware.
[W526 12:40:54.363646546 NNPACK.cpp:56] Could not initialize NNPACK! Reason: Unsupported hardware.
[W526 12:40:54.363840289 NNPACK.cpp:56] Could not initialize NNPACK! Reason: Unsupported hardware.
[W526 12:40:54.395408976 NNPACK.cpp:56] Could not initialize NNPACK! Reason: Unsupported hardware.
[W526 12:40:54.395655171 NNPACK.cpp:56] Could not initialize NNPACK! Reason: Unsupported hardware.
[W526 12:40:54.456690284 NNPACK.cpp:56] Could not initialize NNPACK! Reason: Unsupported hardware.
[W526 12:40:54.457032792 NNPACK.cpp:56] Could not initialize NNPACK! Reason: Unsupported hardware.
[W526 12:40:54.464194725 NNPACK.cpp:56] Could not initialize NNPACK! Reason: Unsupported hardware.
[W526 12:40:54.464518794 NNPACK.cpp:56] Could not initialize NNPACK! Reason: Unsupported hardware.
[W526 12:40:54.486269646 NNPACK.cpp:56] Could not initialize NNPACK! Reason: Unsupported hardware.
[W526 12:40:54.486462760 NNPACK.cpp:56] Could not initialize NNPACK! Reason: Unsupported hardware.
[W526 12:40:54.579879667 NNPACK.cpp:56] Could not initialize NNPACK! Reason: Unsupported hardware.
[W526 12:40:54.580253465 NNPACK.cpp:56] Could not initialize NNPACK! Reason: Unsupported hardware.
[W526 12:40:56.644244296 NNPACK.cpp:56] Could not initialize NNPACK! Reason: Unsupported hardware.
[W526 12:40:56.647166648 NNPACK.cpp:56] Could not initialize NNPACK! Reason: Unsupported hardware.
[W526 12:40:56.647339019 NNPACK.cpp:56] Could not initialize NNPACK! Reason: Unsupported hardware.
[W526 12:40:56.647533111 NNPACK.cpp:56] Could not initialize NNPACK! Reason: Unsupported hardware.
[W526 12:40:56.648060422 NNPACK.cpp:56] Could not initialize NNPACK! Reason: Unsupported hardware.
[W526 12:40:56.650581109 NNPACK.cpp:56] Could not initialize NNPACK! Reason: Unsupported hardware.
[W526 12:40:56.651186225 NNPACK.cpp:56] Could not initialize NNPACK! Reason: Unsupported hardware.
[W526 12:40:56.653565132 NNPACK.cpp:56] Could not initialize NNPACK! Reason: Unsupported hardware.
[W526 12:40:56.654315171 NNPACK.cpp:56] Could not initialize NNPACK! Reason: Unsupported hardware.
[W526 12:40:56.656867566 NNPACK.cpp:56] Could not initialize NNPACK! Reason: Unsupported hardware.
[W526 12:40:56.657090085 NNPACK.cpp:56] Could not initialize NNPACK! Reason: Unsupported hardware.
[W526 12:40:56.657278520 NNPACK.cpp:56] Could not initialize NNPACK! Reason: Unsupported hardware.
[W526 12:40:56.657778662 NNPACK.cpp:56] Could not initialize NNPACK! Reason: Unsupported hardware.
[W526 12:40:56.660900833 NNPACK.cpp:56] Could not initialize NNPACK! Reason: Unsupported hardware.
[W526 12:40:56.661289926 NNPACK.cpp:56] Could not initialize NNPACK! Reason: Unsupported hardware.
[W526 12:40:56.663343157 NNPACK.cpp:56] Could not initialize NNPACK! Reason: Unsupported hardware.
[W526 12:40:56.665391918 NNPACK.cpp:56] Could not initialize NNPACK! Reason: Unsupported hardware.
[W526 12:40:56.665732540 NNPACK.cpp:56] Could not initialize NNPACK! Reason: Unsupported hardware.
[W526 12:40:56.666919863 NNPACK.cpp:56] Could not initialize NNPACK! Reason: Unsupported hardware.
[W526 12:40:56.670287461 NNPACK.cpp:56] Could not initialize NNPACK! Reason: Unsupported hardware.
[W526 12:40:56.670660350 NNPACK.cpp:56] Could not initialize NNPACK! Reason: Unsupported hardware.
[W526 12:40:56.671052725 NNPACK.cpp:56] Could not initialize NNPACK! Reason: Unsupported hardware.
[W526 12:40:56.671826650 NNPACK.cpp:56] Could not initialize NNPACK! Reason: Unsupported hardware.
[W526 12:40:56.674972917 NNPACK.cpp:56] Could not initialize NNPACK! Reason: Unsupported hardware.
[W526 12:40:56.675250471 NNPACK.cpp:56] Could not initialize NNPACK! Reason: Unsupported hardware.
[W526 12:40:56.675474247 NNPACK.cpp:56] Could not initialize NNPACK! Reason: Unsupported hardware.
[W526 12:40:56.676121198 NNPACK.cpp:56] Could not initialize NNPACK! Reason: Unsupported hardware.
[W526 12:40:56.679462675 NNPACK.cpp:56] Could not initialize NNPACK! Reason: Unsupported hardware.
[W526 12:40:56.679841710 NNPACK.cpp:56] Could not initialize NNPACK! Reason: Unsupported hardware.
[W526 12:40:56.680237647 NNPACK.cpp:56] Could not initialize NNPACK! Reason: Unsupported hardware.
[W526 12:40:56.680915888 NNPACK.cpp:56] Could not initialize NNPACK! Reason: Unsupported hardware.
[W526 12:40:56.684821273 NNPACK.cpp:56] Could not initialize NNPACK! Reason: Unsupported hardware.
[W526 12:40:56.685259396 NNPACK.cpp:56] Could not initialize NNPACK! Reason: Unsupported hardware.
[W526 12:40:56.687581520 NNPACK.cpp:56] Could not initialize NNPACK! Reason: Unsupported hardware.
[W526 12:40:56.690711304 NNPACK.cpp:56] Could not initialize NNPACK! Reason: Unsupported hardware.
[W526 12:40:56.691098860 NNPACK.cpp:56] Could not initialize NNPACK! Reason: Unsupported hardware.
[W526 12:40:56.692568766 NNPACK.cpp:56] Could not initialize NNPACK! Reason: Unsupported hardware.
[W526 12:41:38.962222220 NNPACK.cpp:56] Could not initialize NNPACK! Reason: Unsupported hardware.
[W526 12:41:38.962448649 NNPACK.cpp:56] Could not initialize NNPACK! Reason: Unsupported hardware.
[W526 12:41:39.040249813 NNPACK.cpp:56] Could not initialize NNPACK! Reason: Unsupported hardware.
[W526 12:41:39.040703301 NNPACK.cpp:56] Could not initialize NNPACK! Reason: Unsupported hardware.
[W526 12:41:39.259132552 NNPACK.cpp:56] Could not initialize NNPACK! Reason: Unsupported hardware.
[W526 12:41:39.265424666 NNPACK.cpp:56] Could not initialize NNPACK! Reason: Unsupported hardware.
[W526 12:41:39.271720901 NNPACK.cpp:56] Could not initialize NNPACK! Reason: Unsupported hardware.
[W526 12:41:48.997294456 NNPACK.cpp:56] Could not initialize NNPACK! Reason: Unsupported hardware.
[W526 12:41:48.997636754 NNPACK.cpp:56] Could not initialize NNPACK! Reason: Unsupported hardware.
[W526 12:41:48.202181519 NNPACK.cpp:56] Could not initialize NNPACK! Reason: Unsupported hardware.
[W526 12:41:48.208277306 NNPACK.cpp:56] Could not initialize NNPACK! Reason: Unsupported hardware.
[W526 12:41:49.193331489 NNPACK.cpp:56] Could not initialize NNPACK! Reason: Unsupported hardware.
[W526 12:41:49.193687477 NNPACK.cpp:56] Could not initialize NNPACK! Reason: Unsupported hardware.
[W526 12:41:49.219673440 NNPACK.cpp:56] Could not initialize NNPACK! Reason: Unsupported hardware.
[W526 12:41:49.220336804 NNPACK.cpp:56] Could not initialize NNPACK! Reason: Unsupported hardware.
[W526 12:41:49.248368805 NNPACK.cpp:56] Could not initialize NNPACK! Reason: Unsupported hardware.
[W526 12:41:49.248933761 NNPACK.cpp:56] Could not initialize NNPACK! Reason: Unsupported hardware.
[W526 12:41:49.356437560 NNPACK.cpp:56] Could not initialize NNPACK! Reason: Unsupported hardware.
[W526 12:41:49.356724123 NNPACK.cpp:56] Could not initialize NNPACK! Reason: Unsupported hardware.
[W526 12:41:49.578274080 NNPACK.cpp:56] Could not initialize NNPACK! Reason: Unsupported hardware.
[W526 12:41:49.578535151 NNPACK.cpp:56] Could not initialize NNPACK! Reason: Unsupported hardware.
[W526 12:41:49.615703673 NNPACK.cpp:56] Could not initialize NNPACK! Reason: Unsupported hardware.
[W526 12:41:49.616158976 NNPACK.cpp:56] Could not initialize NNPACK! Reason: Unsupported hardware.
[W526 12:41:49.698085110 NNPACK.cpp:56] Could not initialize NNPACK! Reason: Unsupported hardware.
[W526 12:41:49.698515969 NNPACK.cpp:56] Could not initialize NNPACK! Reason: Unsupported hardware.
[W526 12:41:49.956038254 NNPACK.cpp:56] Could not initialize NNPACK! Reason: Unsupported hardware.
[W526 12:41:49.956527920 NNPACK.cpp:56] Could not initialize NNPACK! Reason: Unsupported hardware.
[W526 12:43:05.395618115 NNPACK.cpp:56] Could not initialize NNPACK! Reason: Unsupported hardware.
[W526 12:43:05.396043246 NNPACK.cpp:56] Could not initialize NNPACK! Reason: Unsupported hardware.
[W526 12:43:05.484550364 NNPACK.cpp:56] Could not initialize NNPACK! Reason: Unsupported hardware.
[W526 12:43:05.484951400 NNPACK.cpp:56] Could not initialize NNPACK! Reason: Unsupported hardware.
[W526 12:43:05.882348384 NNPACK.cpp:56] Could not initialize NNPACK! Reason: Unsupported hardware.
[W526 12:43:05.882664701 NNPACK.cpp:56] Could not initialize NNPACK! Reason: Unsupported hardware.
[W526 12:43:05.888881734 NNPACK.cpp:56] Could not initialize NNPACK! Reason: Unsupported hardware.
[W526 12:43:05.889222287 NNPACK.cpp:56] Could not initialize NNPACK! Reason: Unsupported hardware.
[W526 12:43:05.902681223 NNPACK.cpp:56] Could not initialize NNPACK! Reason: Unsupported hardware.
[W526 12:43:05.902982803 NNPACK.cpp:56] Could not initialize NNPACK! Reason: Unsupported hardware.
[W526 12:43:05.942401372 NNPACK.cpp:56] Could not initialize NNPACK! Reason: Unsupported hardware.
[W526 12:43:05.942704419 NNPACK.cpp:56] Could not initialize NNPACK! Reason: Unsupported hardware.
[W526 12:43:06.011509725 NNPACK.cpp:56] Could not initialize NNPACK! Reason: Unsupported hardware.
[W526 12:43:06.011820106 NNPACK.cpp:56] Could not initialize NNPACK! Reason: Unsupported hardware.
[W526 12:43:06.020627738 NNPACK.cpp:56] Could not initialize NNPACK! Reason: Unsupported hardware.
[W526 12:43:06.020958303 NNPACK.cpp:56] Could not initialize NNPACK! Reason: Unsupported hardware.
[W526 12:43:06.050200047 NNPACK.cpp:56] Could not initialize NNPACK! Reason: Unsupported hardware.
[W526 12:43:06.050510916 NNPACK.cpp:56] Could not initialize NNPACK! Reason: Unsupported hardware.
[W526 12:43:06.164388335 NNPACK.cpp:56] Could not initialize NNPACK! Reason: Unsupported hardware.
[W526 12:43:06.164695503 NNPACK.cpp:56] Could not initialize NNPACK! Reason: Unsupported hardware.
[W526 12:44:23.705368248 NNPACK.cpp:56] Could not initialize NNPACK! Reason: Unsupported hardware.
[W526 12:44:23.707191906 NNPACK.cpp:56] Could not initialize NNPACK! Reason: Unsupported hardware.
[W526 12:44:24.035897710 NNPACK.cpp:56] Could not initialize NNPACK! Reason: Unsupported hardware.
[W526 12:44:24.036322632 NNPACK.cpp:56] Could not initialize NNPACK! Reason: Unsupported hardware.
[W526 12:44:24.633381975 NNPACK.cpp:56] Could not initialize NNPACK! Reason: Unsupported hardware.
[W526 12:44:24.633706603 NNPACK.cpp:56] Could not initialize NNPACK! Reason: Unsupported hardware.
[W526 12:44:24.650400576 NNPACK.cpp:56] Could not initialize NNPACK! Reason: Unsupported hardware.
[W526 12:44:24.651121630 NNPACK.cpp:56] Could not initialize NNPACK! Reason: Unsupported hardware.
[W526 12:44:24.674614285 NNPACK.cpp:56] Could not initialize NNPACK! Reason: Unsupported hardware.
[W526 12:44:24.675612056 NNPACK.cpp:56] Could not initialize NNPACK! Reason: Unsupported hardware.
[W526 12:44:24.779802944 NNPACK.cpp:56] Could not initialize NNPACK! Reason: Unsupported hardware.
[W526 12:44:24.780591397 NNPACK.cpp:56] Could not initialize NNPACK! Reason: Unsupported hardware.
[W526 12:44:25.988988120 NNPACK.cpp:56] Could not initialize NNPACK! Reason: Unsupported hardware.
[W526 12:44:25.989454180 NNPACK.cpp:56] Could not initialize NNPACK! Reason: Unsupported hardware.
[W526 12:44:25.006825765 NNPACK.cpp:56] Could not initialize NNPACK! Reason: Unsupported hardware.
[W526 12:44:25.007285329 NNPACK.cpp:56] Could not initialize NNPACK! Reason: Unsupported hardware.
[W526 12:44:25.074672413 NNPACK.cpp:56] Could not initialize NNPACK! Reason: Unsupported hardware.
[W526 12:44:25.074967358 NNPACK.cpp:56] Could not initialize NNPACK! Reason: Unsupported hardware.
[W526 12:44:25.257574724 NNPACK.cpp:56] Could not initialize NNPACK! Reason: Unsupported hardware.
[W526 12:44:25.258172856 NNPACK.cpp:56] Could not initialize NNPACK! Reason: Unsupported hardware.
[W526 12:45:53.710960419 NNPACK.cpp:56] Could not initialize NNPACK! Reason: Unsupported hardware.
[W526 12:45:54.029306341 NNPACK.cpp:56] Could not initialize NNPACK! Reason: Unsupported hardware.
[W526 12:45:54.337448338 NNPACK.cpp:56] Could not initialize NNPACK! Reason: Unsupported hardware.
[W526 12:45:54.337731759 NNPACK.cpp:56] Could not initialize NNPACK! Reason: Unsupported hardware.
[W526 12:45:55.300352959 NNPACK.cpp:56] Could not initialize NNPACK! Reason: Unsupported hardware.
[W526 12:45:55.300607465 NNPACK.cpp:56] Could not initialize NNPACK! Reason: Unsupported hardware.
[W526 12:45:55.322226106 NNPACK.cpp:56] Could not initialize NNPACK! Reason: Unsupported hardware.
[W526 12:45:55.322472301 NNPACK.cpp:56] Could not initialize NNPACK! Reason: Unsupported hardware.
[W526 12:45:55.361247202 NNPACK.cpp:56] Could not initialize NNPACK! Reason: Unsupported hardware.
[W526 12:45:55.362395483 NNPACK.cpp:56] Could not initialize NNPACK! Reason: Unsupported hardware.
[W526 12:45:55.501436891 NNPACK.cpp:56] Could not initialize NNPACK! Reason: Unsupported hardware.
[W526 12:45:55.501705645 NNPACK.cpp:56] Could not initialize NNPACK! Reason: Unsupported hardware.
[W526 12:45:55.731419081 NNPACK.cpp:56] Could not initialize NNPACK! Reason: Unsupported hardware.
[W526 12:45:55.731778421 NNPACK.cpp:56] Could not initialize NNPACK! Reason: Unsupported hardware.
[W526 12:45:55.755519087 NNPACK.cpp:56] Could not initialize NNPACK! Reason: Unsupported hardware.
[W526 12:45:55.755871024 NNPACK.cpp:56] Could not initialize NNPACK! Reason: Unsupported hardware.
[W526 12:45:55.827263508 NNPACK.cpp:56] Could not initialize NNPACK! Reason: Unsupported hardware.
[W526 12:45:55.827880008 NNPACK.cpp:56] Could not initialize NNPACK! Reason: Unsupported hardware.
[W526 12:45:56.186263864 NNPACK.cpp:56] Could not initialize NNPACK! Reason: Unsupported hardware.
[W526 12:45:56.186679846 NNPACK.cpp:56] Could not initialize NNPACK! Reason: Unsupported hardware.
[W526 12:46:03.521827289 NNPACK.cpp:56] Could not initialize NNPACK! Reason: Unsupported hardware.
[W526 12:46:03.528247704 NNPACK.cpp:56] Could not initialize NNPACK! Reason: Unsupported hardware.
[W526 12:46:03.528620943 NNPACK.cpp:56] Could not initialize NNPACK! Reason: Unsupported hardware.
[W526 12:46:03.529080856 NNPACK.cpp:56] Could not initialize NNPACK! Reason: Unsupported hardware.
[W526 12:46:03.529767687 NNPACK.cpp:56] Could not initialize NNPACK! Reason: Unsupported hardware.
[W526 12:46:03.532900195 NNPACK.cpp:56] Could not initialize NNPACK! Reason: Unsupported hardware.
[W526 12:46:03.533778116 NNPACK.cpp:56] Could not initialize NNPACK! Reason: Unsupported hardware.
[W526 12:46:03.539393596 NNPACK.cpp:56] Could not initialize NNPACK! Reason: Unsupported hardware.
[W526 12:46:03.540253567 NNPACK.cpp:56] Could not initialize NNPACK! Reason: Unsupported hardware.
[W526 12:46:03.544993780 NNPACK.cpp:56] Could not initialize NNPACK! Reason: Unsupported hardware.
[W526 12:46:03.545275245 NNPACK.cpp:56] Could not initialize NNPACK! Reason: Unsupported hardware.
[W526 12:46:03.545518577 NNPACK.cpp:56] Could not initialize NNPACK! Reason: Unsupported hardware.
[W526 12:46:03.546177331 NNPACK.cpp:56] Could not initialize NNPACK! Reason: Unsupported hardware.
[W526 12:46:03.550296575 NNPACK.cpp:56] Could not initialize NNPACK! Reason: Unsupported hardware.
[W526 12:46:03.550674842 NNPACK.cpp:56] Could not initialize NNPACK! Reason: Unsupported hardware.
[W526 12:46:03.555440897 NNPACK.cpp:56] Could not initialize NNPACK! Reason: Unsupported hardware.
[W526 12:46:03.559503358 NNPACK.cpp:56] Could not initialize NNPACK! Reason: Unsupported hardware.
[W526 12:46:03.560025780 NNPACK.cpp:56] Could not initialize NNPACK! Reason: Unsupported hardware.
[W526 12:46:03.561591230 NNPACK.cpp:56] Could not initialize NNPACK! Reason: Unsupported hardware.
[W526 12:46:03.565406798 NNPACK.cpp:56] Could not initialize NNPACK! Reason: Unsupported hardware.
[W526 12:46:03.565827739 NNPACK.cpp:56] Could not initialize NNPACK! Reason: Unsupported hardware.
[W526 12:46:03.566313494 NNPACK.cpp:56] Could not initialize NNPACK! Reason: Unsupported hardware.
[W526 12:46:03.567054663 NNPACK.cpp:56] Could not initialize NNPACK! Reason: Unsupported hardware.
[W526 12:46:03.570614258 NNPACK.cpp:56] Could not initialize NNPACK! Reason: Unsupported hardware.
[W526 12:46:03.571139753 NNPACK.cpp:56] Could not initialize NNPACK! Reason: Unsupported hardware.
[W526 12:46:03.571581018 NNPACK.cpp:56] Could not initialize NNPACK! Reason: Unsupported hardware.
[W526 12:46:03.572319463 NNPACK.cpp:56] Could not initialize NNPACK! Reason: Unsupported hardware.
[W526 12:46:03.576119596 NNPACK.cpp:56] Could not initialize NNPACK! Reason: Unsupported hardware.
[W526 12:46:03.576518467 NNPACK.cpp:56] Could not initialize NNPACK! Reason: Unsupported hardware.
[W526 12:46:03.576788059 NNPACK.cpp:56] Could not initialize NNPACK! Reason: Unsupported hardware.
[W526 12:46:03.577568270 NNPACK.cpp:56] Could not initialize NNPACK! Reason: Unsupported hardware.
[W526 12:46:03.588752994 NNPACK.cpp:56] Could not initialize NNPACK! Reason: Unsupported hardware.
[W526 12:46:03.589052129 NNPACK.cpp:56] Could not initialize NNPACK! Reason: Unsupported hardware.
[W526 12:46:03.593713350 NNPACK.cpp:56] Could not initialize NNPACK! Reason: Unsupported hardware.
[W526 12:46:03.604034611 NNPACK.cpp:56] Could not initialize NNPACK! Reason: Unsupported hardware.
[W526 12:46:03.604327112 NNPACK.cpp:56] Could not initialize NNPACK! Reason: Unsupported hardware.
[W526 12:46:03.608589322 NNPACK.cpp:56] Could not initialize NNPACK! Reason: Unsupported hardware.
    FAIL

[7] >>> DGCNN_tesis_MIT_Wang_2020.pdf
[32m[INFO] 2026-05-26 12:46:59,074 [RapidOCR] base.py:22: Using engine_name: torch[0m
[32m[INFO] 2026-05-26 12:46:59,120 [RapidOCR] device_config.py:57: Using CPU device[0m
[32m[INFO] 2026-05-26 12:46:59,500 [RapidOCR] download_file.py:60: File exists and is valid: /home/admin/miniconda3/lib/python3.12/site-packages/rapidocr/models/ch_PP-OCRv4_det_mobile.pth[0m
[32m[INFO] 2026-05-26 12:46:59,501 [RapidOCR] main.py:50: Using /home/admin/miniconda3/lib/python3.12/site-packages/rapidocr/models/ch_PP-OCRv4_det_mobile.pth[0m
[32m[INFO] 2026-05-26 12:47:00,265 [RapidOCR] base.py:22: Using engine_name: torch[0m
[32m[INFO] 2026-05-26 12:47:00,266 [RapidOCR] device_config.py:57: Using CPU device[0m
[32m[INFO] 2026-05-26 12:47:00,308 [RapidOCR] download_file.py:60: File exists and is valid: /home/admin/miniconda3/lib/python3.12/site-packages/rapidocr/models/ch_ptocr_mobile_v2.0_cls_mobile.pth[0m
[32m[INFO] 2026-05-26 12:47:00,308 [RapidOCR] main.py:50: Using /home/admin/miniconda3/lib/python3.12/site-packages/rapidocr/models/ch_ptocr_mobile_v2.0_cls_mobile.pth[0m
[32m[INFO] 2026-05-26 12:47:00,446 [RapidOCR] base.py:22: Using engine_name: torch[0m
[32m[INFO] 2026-05-26 12:47:00,446 [RapidOCR] device_config.py:57: Using CPU device[0m
[32m[INFO] 2026-05-26 12:47:00,918 [RapidOCR] download_file.py:60: File exists and is valid: /home/admin/miniconda3/lib/python3.12/site-packages/rapidocr/models/ch_PP-OCRv4_rec_mobile.pth[0m
[32m[INFO] 2026-05-26 12:47:00,919 [RapidOCR] main.py:50: Using /home/admin/miniconda3/lib/python3.12/site-packages/rapidocr/models/ch_PP-OCRv4_rec_mobile.pth[0m
[+] Procesando PDF: DGCNN_tesis_MIT_Wang_2020.pdf
Loading weights:   0%|          | 0/770 [00:00<?, ?it/s]Loading weights:  78%|███████▊  | 597/770 [00:00<00:00, 5913.53it/s]Loading weights: 100%|██████████| 770/770 [00:00<00:00, 5825.03it/s]
[W526 12:47:25.326135696 NNPACK.cpp:56] Could not initialize NNPACK! Reason: Unsupported hardware.
[W526 12:47:25.327744240 NNPACK.cpp:56] Could not initialize NNPACK! Reason: Unsupported hardware.
[W526 12:47:25.647497770 NNPACK.cpp:56] Could not initialize NNPACK! Reason: Unsupported hardware.
[W526 12:47:25.662256686 NNPACK.cpp:56] Could not initialize NNPACK! Reason: Unsupported hardware.
[W526 12:47:26.351349016 NNPACK.cpp:56] Could not initialize NNPACK! Reason: Unsupported hardware.
[W526 12:47:26.352132021 NNPACK.cpp:56] Could not initialize NNPACK! Reason: Unsupported hardware.
[W526 12:47:26.369089230 NNPACK.cpp:56] Could not initialize NNPACK! Reason: Unsupported hardware.
[W526 12:47:26.369360988 NNPACK.cpp:56] Could not initialize NNPACK! Reason: Unsupported hardware.
[W526 12:47:26.395207686 NNPACK.cpp:56] Could not initialize NNPACK! Reason: Unsupported hardware.
[W526 12:47:26.397316651 NNPACK.cpp:56] Could not initialize NNPACK! Reason: Unsupported hardware.
[W526 12:47:26.482243432 NNPACK.cpp:56] Could not initialize NNPACK! Reason: Unsupported hardware.
[W526 12:47:26.482565337 NNPACK.cpp:56] Could not initialize NNPACK! Reason: Unsupported hardware.
[W526 12:47:26.979571199 NNPACK.cpp:56] Could not initialize NNPACK! Reason: Unsupported hardware.
[W526 12:47:26.979936126 NNPACK.cpp:56] Could not initialize NNPACK! Reason: Unsupported hardware.
[W526 12:47:27.006294072 NNPACK.cpp:56] Could not initialize NNPACK! Reason: Unsupported hardware.
[W526 12:47:27.006692524 NNPACK.cpp:56] Could not initialize NNPACK! Reason: Unsupported hardware.
[W526 12:47:27.040588225 NNPACK.cpp:56] Could not initialize NNPACK! Reason: Unsupported hardware.
[W526 12:47:27.043337088 NNPACK.cpp:56] Could not initialize NNPACK! Reason: Unsupported hardware.
[W526 12:47:27.251949628 NNPACK.cpp:56] Could not initialize NNPACK! Reason: Unsupported hardware.
[W526 12:47:27.252166000 NNPACK.cpp:56] Could not initialize NNPACK! Reason: Unsupported hardware.
[W526 12:48:01.679892401 NNPACK.cpp:56] Could not initialize NNPACK! Reason: Unsupported hardware.
[W526 12:48:02.002809520 NNPACK.cpp:56] Could not initialize NNPACK! Reason: Unsupported hardware.
[W526 12:48:02.220288221 NNPACK.cpp:56] Could not initialize NNPACK! Reason: Unsupported hardware.
[W526 12:48:02.220711187 NNPACK.cpp:56] Could not initialize NNPACK! Reason: Unsupported hardware.
[W526 12:48:03.326719057 NNPACK.cpp:56] Could not initialize NNPACK! Reason: Unsupported hardware.
[W526 12:48:03.326949607 NNPACK.cpp:56] Could not initialize NNPACK! Reason: Unsupported hardware.
[W526 12:48:03.343913242 NNPACK.cpp:56] Could not initialize NNPACK! Reason: Unsupported hardware.
[W526 12:48:03.344140231 NNPACK.cpp:56] Could not initialize NNPACK! Reason: Unsupported hardware.
[W526 12:48:03.378765368 NNPACK.cpp:56] Could not initialize NNPACK! Reason: Unsupported hardware.
[W526 12:48:03.378973359 NNPACK.cpp:56] Could not initialize NNPACK! Reason: Unsupported hardware.
[W526 12:48:03.480070574 NNPACK.cpp:56] Could not initialize NNPACK! Reason: Unsupported hardware.
[W526 12:48:03.480379836 NNPACK.cpp:56] Could not initialize NNPACK! Reason: Unsupported hardware.
[W526 12:48:03.682293360 NNPACK.cpp:56] Could not initialize NNPACK! Reason: Unsupported hardware.
[W526 12:48:03.682499605 NNPACK.cpp:56] Could not initialize NNPACK! Reason: Unsupported hardware.
[W526 12:48:03.724899334 NNPACK.cpp:56] Could not initialize NNPACK! Reason: Unsupported hardware.
[W526 12:48:03.725127579 NNPACK.cpp:56] Could not initialize NNPACK! Reason: Unsupported hardware.
[W526 12:48:03.814244354 NNPACK.cpp:56] Could not initialize NNPACK! Reason: Unsupported hardware.
[W526 12:48:03.814456256 NNPACK.cpp:56] Could not initialize NNPACK! Reason: Unsupported hardware.
[W526 12:48:04.695053827 NNPACK.cpp:56] Could not initialize NNPACK! Reason: Unsupported hardware.
[W526 12:48:04.695301838 NNPACK.cpp:56] Could not initialize NNPACK! Reason: Unsupported hardware.
[W526 12:48:47.430421398 NNPACK.cpp:56] Could not initialize NNPACK! Reason: Unsupported hardware.
[W526 12:48:47.431187361 NNPACK.cpp:56] Could not initialize NNPACK! Reason: Unsupported hardware.
[W526 12:48:47.747020492 NNPACK.cpp:56] Could not initialize NNPACK! Reason: Unsupported hardware.
[W526 12:48:47.747324935 NNPACK.cpp:56] Could not initialize NNPACK! Reason: Unsupported hardware.
[W526 12:48:48.647420100 NNPACK.cpp:56] Could not initialize NNPACK! Reason: Unsupported hardware.
[W526 12:48:48.648288452 NNPACK.cpp:56] Could not initialize NNPACK! Reason: Unsupported hardware.
[W526 12:48:48.664680147 NNPACK.cpp:56] Could not initialize NNPACK! Reason: Unsupported hardware.
[W526 12:48:48.667251191 NNPACK.cpp:56] Could not initialize NNPACK! Reason: Unsupported hardware.
[W526 12:48:48.698957608 NNPACK.cpp:56] Could not initialize NNPACK! Reason: Unsupported hardware.
[W526 12:48:48.699512717 NNPACK.cpp:56] Could not initialize NNPACK! Reason: Unsupported hardware.
[W526 12:48:48.776281471 NNPACK.cpp:56] Could not initialize NNPACK! Reason: Unsupported hardware.
[W526 12:48:48.776565101 NNPACK.cpp:56] Could not initialize NNPACK! Reason: Unsupported hardware.
[W526 12:48:49.058932620 NNPACK.cpp:56] Could not initialize NNPACK! Reason: Unsupported hardware.
[W526 12:48:49.059254315 NNPACK.cpp:56] Could not initialize NNPACK! Reason: Unsupported hardware.
[W526 12:48:49.174383595 NNPACK.cpp:56] Could not initialize NNPACK! Reason: Unsupported hardware.
[W526 12:48:49.174609745 NNPACK.cpp:56] Could not initialize NNPACK! Reason: Unsupported hardware.
[W526 12:48:49.296482811 NNPACK.cpp:56] Could not initialize NNPACK! Reason: Unsupported hardware.
[W526 12:48:49.297098123 NNPACK.cpp:56] Could not initialize NNPACK! Reason: Unsupported hardware.
[W526 12:48:49.558870684 NNPACK.cpp:56] Could not initialize NNPACK! Reason: Unsupported hardware.
[W526 12:48:49.559161718 NNPACK.cpp:56] Could not initialize NNPACK! Reason: Unsupported hardware.
[W526 12:48:53.239375124 NNPACK.cpp:56] Could not initialize NNPACK! Reason: Unsupported hardware.
[W526 12:48:53.250859542 NNPACK.cpp:56] Could not initialize NNPACK! Reason: Unsupported hardware.
[W526 12:48:53.544970036 NNPACK.cpp:56] Could not initialize NNPACK! Reason: Unsupported hardware.
[W526 12:48:53.555479243 NNPACK.cpp:56] Could not initialize NNPACK! Reason: Unsupported hardware.
[W526 12:48:53.576848406 NNPACK.cpp:56] Could not initialize NNPACK! Reason: Unsupported hardware.
[W526 12:48:53.622775044 NNPACK.cpp:56] Could not initialize NNPACK! Reason: Unsupported hardware.
[W526 12:48:53.649690543 NNPACK.cpp:56] Could not initialize NNPACK! Reason: Unsupported hardware.
[W526 12:48:53.676250333 NNPACK.cpp:56] Could not initialize NNPACK! Reason: Unsupported hardware.
[W526 12:48:53.678160248 NNPACK.cpp:56] Could not initialize NNPACK! Reason: Unsupported hardware.
[W526 12:48:53.701602966 NNPACK.cpp:56] Could not initialize NNPACK! Reason: Unsupported hardware.
[W526 12:48:53.701891765 NNPACK.cpp:56] Could not initialize NNPACK! Reason: Unsupported hardware.
[W526 12:48:53.702191529 NNPACK.cpp:56] Could not initialize NNPACK! Reason: Unsupported hardware.
[W526 12:48:53.707309380 NNPACK.cpp:56] Could not initialize NNPACK! Reason: Unsupported hardware.
[W526 12:48:53.723065857 NNPACK.cpp:56] Could not initialize NNPACK! Reason: Unsupported hardware.
[W526 12:48:53.723263162 NNPACK.cpp:56] Could not initialize NNPACK! Reason: Unsupported hardware.
[W526 12:48:53.737577880 NNPACK.cpp:56] Could not initialize NNPACK! Reason: Unsupported hardware.
[W526 12:48:53.740505609 NNPACK.cpp:56] Could not initialize NNPACK! Reason: Unsupported hardware.
[W526 12:48:53.740779532 NNPACK.cpp:56] Could not initialize NNPACK! Reason: Unsupported hardware.
[W526 12:48:53.742449327 NNPACK.cpp:56] Could not initialize NNPACK! Reason: Unsupported hardware.
[W526 12:48:53.748837754 NNPACK.cpp:56] Could not initialize NNPACK! Reason: Unsupported hardware.
[W526 12:48:53.754437240 NNPACK.cpp:56] Could not initialize NNPACK! Reason: Unsupported hardware.
[W526 12:48:53.757259228 NNPACK.cpp:56] Could not initialize NNPACK! Reason: Unsupported hardware.
[W526 12:48:53.758076944 NNPACK.cpp:56] Could not initialize NNPACK! Reason: Unsupported hardware.
[W526 12:48:53.763600302 NNPACK.cpp:56] Could not initialize NNPACK! Reason: Unsupported hardware.
[W526 12:48:53.763932194 NNPACK.cpp:56] Could not initialize NNPACK! Reason: Unsupported hardware.
[W526 12:48:53.764331414 NNPACK.cpp:56] Could not initialize NNPACK! Reason: Unsupported hardware.
[W526 12:48:53.765904198 NNPACK.cpp:56] Could not initialize NNPACK! Reason: Unsupported hardware.
[W526 12:48:53.783169762 NNPACK.cpp:56] Could not initialize NNPACK! Reason: Unsupported hardware.
[W526 12:48:53.787503701 NNPACK.cpp:56] Could not initialize NNPACK! Reason: Unsupported hardware.
[W526 12:48:53.790245161 NNPACK.cpp:56] Could not initialize NNPACK! Reason: Unsupported hardware.
[W526 12:48:53.792534390 NNPACK.cpp:56] Could not initialize NNPACK! Reason: Unsupported hardware.
[W526 12:48:53.812337613 NNPACK.cpp:56] Could not initialize NNPACK! Reason: Unsupported hardware.
[W526 12:48:53.817825770 NNPACK.cpp:56] Could not initialize NNPACK! Reason: Unsupported hardware.
[W526 12:48:53.846297430 NNPACK.cpp:56] Could not initialize NNPACK! Reason: Unsupported hardware.
[W526 12:48:53.872627649 NNPACK.cpp:56] Could not initialize NNPACK! Reason: Unsupported hardware.
[W526 12:48:53.872829703 NNPACK.cpp:56] Could not initialize NNPACK! Reason: Unsupported hardware.
[W526 12:48:53.875106011 NNPACK.cpp:56] Could not initialize NNPACK! Reason: Unsupported hardware.
[W526 12:49:56.240646736 NNPACK.cpp:56] Could not initialize NNPACK! Reason: Unsupported hardware.
[W526 12:49:56.565857346 NNPACK.cpp:56] Could not initialize NNPACK! Reason: Unsupported hardware.
[W526 12:50:05.495138635 NNPACK.cpp:56] Could not initialize NNPACK! Reason: Unsupported hardware.
[W526 12:50:05.495408017 NNPACK.cpp:56] Could not initialize NNPACK! Reason: Unsupported hardware.
[W526 12:50:06.021521809 NNPACK.cpp:56] Could not initialize NNPACK! Reason: Unsupported hardware.
[W526 12:50:06.023028592 NNPACK.cpp:56] Could not initialize NNPACK! Reason: Unsupported hardware.
[W526 12:50:06.029664123 NNPACK.cpp:56] Could not initialize NNPACK! Reason: Unsupported hardware.
[W526 12:50:06.279726605 NNPACK.cpp:56] Could not initialize NNPACK! Reason: Unsupported hardware.
=== Inicio: Tue May 26 01:19:03 PM -03 2026 ===

[1] >>> DGP_multitarea_HEA_Alvi_2025.pdf
[32m[INFO] 2026-05-26 13:19:39,182 [RapidOCR] base.py:22: Using engine_name: torch[0m
[32m[INFO] 2026-05-26 13:19:39,183 [RapidOCR] device_config.py:64: Using GPU device with ID: 0[0m
[32m[INFO] 2026-05-26 13:19:39,184 [RapidOCR] download_file.py:68: Initiating download: https://www.modelscope.cn/models/RapidAI/RapidOCR/resolve/v3.8.0/torch/PP-OCRv4/det/ch_PP-OCRv4_det_mobile.pth[0m
[32m[INFO] 2026-05-26 13:19:42,676 [RapidOCR] download_file.py:82: Download size: 13.83MB[0m
[32m[INFO] 2026-05-26 13:19:47,302 [RapidOCR] download_file.py:95: Successfully saved to: /home/santi/miniconda3/lib/python3.13/site-packages/rapidocr/models/ch_PP-OCRv4_det_mobile.pth[0m
[32m[INFO] 2026-05-26 13:19:47,304 [RapidOCR] main.py:50: Using /home/santi/miniconda3/lib/python3.13/site-packages/rapidocr/models/ch_PP-OCRv4_det_mobile.pth[0m
[32m[INFO] 2026-05-26 13:19:47,923 [RapidOCR] base.py:22: Using engine_name: torch[0m
[32m[INFO] 2026-05-26 13:19:47,924 [RapidOCR] device_config.py:64: Using GPU device with ID: 0[0m
[32m[INFO] 2026-05-26 13:19:47,924 [RapidOCR] download_file.py:68: Initiating download: https://www.modelscope.cn/models/RapidAI/RapidOCR/resolve/v3.8.0/torch/PP-OCRv4/cls/ch_ptocr_mobile_v2.0_cls_mobile.pth[0m
[32m[INFO] 2026-05-26 13:19:49,427 [RapidOCR] download_file.py:82: Download size: 0.56MB[0m
[32m[INFO] 2026-05-26 13:19:49,514 [RapidOCR] download_file.py:95: Successfully saved to: /home/santi/miniconda3/lib/python3.13/site-packages/rapidocr/models/ch_ptocr_mobile_v2.0_cls_mobile.pth[0m
[32m[INFO] 2026-05-26 13:19:49,516 [RapidOCR] main.py:50: Using /home/santi/miniconda3/lib/python3.13/site-packages/rapidocr/models/ch_ptocr_mobile_v2.0_cls_mobile.pth[0m
[32m[INFO] 2026-05-26 13:19:49,581 [RapidOCR] base.py:22: Using engine_name: torch[0m
[32m[INFO] 2026-05-26 13:19:49,581 [RapidOCR] device_config.py:64: Using GPU device with ID: 0[0m
[32m[INFO] 2026-05-26 13:19:49,581 [RapidOCR] download_file.py:68: Initiating download: https://www.modelscope.cn/models/RapidAI/RapidOCR/resolve/v3.8.0/torch/PP-OCRv4/rec/ch_PP-OCRv4_rec_mobile.pth[0m
[32m[INFO] 2026-05-26 13:19:51,226 [RapidOCR] download_file.py:82: Download size: 25.67MB[0m
[32m[INFO] 2026-05-26 13:19:54,041 [RapidOCR] download_file.py:95: Successfully saved to: /home/santi/miniconda3/lib/python3.13/site-packages/rapidocr/models/ch_PP-OCRv4_rec_mobile.pth[0m
[32m[INFO] 2026-05-26 13:19:54,042 [RapidOCR] main.py:50: Using /home/santi/miniconda3/lib/python3.13/site-packages/rapidocr/models/ch_PP-OCRv4_rec_mobile.pth[0m
Warning: You are sending unauthenticated requests to the HF Hub. Please set a HF_TOKEN to enable higher rate limits and faster downloads.
[+] Procesando PDF: DGP_multitarea_HEA_Alvi_2025.pdf
Loading weights:   0%|          | 0/770 [00:00<?, ?it/s]Loading weights:  96%|█████████▌| 738/770 [00:00<00:00, 7379.22it/s]Loading weights: 100%|██████████| 770/770 [00:00<00:00, 7381.32it/s]
[+] Figuras encontradas: 11
  [+] fig_001 → fig_001_no_caption.png
  [+] fig_002 → fig_002_no_caption.png
  [+] fig_003 → fig_003_no_caption.png
  [+] fig_004 → fig_004_Fig_1__Schematic_overview_of_the_BIRDS.png
  [+] fig_005 → fig_005_Fig_2__Pairwise_plot_illustrating_corr.png
  [+] fig_006 → fig_006_Fig_3__Schematic_representation_of_the.png
  [+] fig_007 → fig_007_Fig_4__The_fi_gure_illustrates_differe.png
  [+] fig_008 → fig_008_no_caption.png
  [+] fig_009 → fig_009_Fig_6__HDGP-P-All_model_results_a_Pre.png
  [+] fig_010 → fig_010_Fig_7__Schematic_representation_of_the.png
  [+] fig_011 → fig_011_Fig_8__The_fi_gure_illustrates_RMSE_an.png
[+] Imágenes guardadas en: /media/santi/ALMACEN_GRANDE_1/ilovepappers/pappers/DGP_multitarea_HEA_Alvi_2025_figures/images
[+] JSON guardado en: /media/santi/ALMACEN_GRANDE_1/ilovepappers/pappers/DGP_multitarea_HEA_Alvi_2025_figures/figures.json
[+] Markdown guardado en: /media/santi/ALMACEN_GRANDE_1/ilovepappers/pappers/DGP_multitarea_HEA_Alvi_2025_figures/figures.md
[+] TXT guardado en: /media/santi/ALMACEN_GRANDE_1/ilovepappers/pappers/DGP_multitarea_HEA_Alvi_2025_figures/captions.txt
[+] CSV guardado en: /media/santi/ALMACEN_GRANDE_1/ilovepappers/pappers/DGP_multitarea_HEA_Alvi_2025_figures/captions.csv

✓ Extracción completada.
Salida: /media/santi/ALMACEN_GRANDE_1/ilovepappers/pappers/DGP_multitarea_HEA_Alvi_2025_figures
    OK

[2] >>> DJINN_init_redes_arboles_Humbird_2018.pdf
[32m[INFO] 2026-05-26 13:21:19,807 [RapidOCR] base.py:22: Using engine_name: torch[0m
[32m[INFO] 2026-05-26 13:21:19,808 [RapidOCR] device_config.py:64: Using GPU device with ID: 0[0m
[32m[INFO] 2026-05-26 13:21:19,817 [RapidOCR] download_file.py:60: File exists and is valid: /home/santi/miniconda3/lib/python3.13/site-packages/rapidocr/models/ch_PP-OCRv4_det_mobile.pth[0m
[32m[INFO] 2026-05-26 13:21:19,817 [RapidOCR] main.py:50: Using /home/santi/miniconda3/lib/python3.13/site-packages/rapidocr/models/ch_PP-OCRv4_det_mobile.pth[0m
[32m[INFO] 2026-05-26 13:21:20,127 [RapidOCR] base.py:22: Using engine_name: torch[0m
[32m[INFO] 2026-05-26 13:21:20,127 [RapidOCR] device_config.py:64: Using GPU device with ID: 0[0m
[32m[INFO] 2026-05-26 13:21:20,128 [RapidOCR] download_file.py:60: File exists and is valid: /home/santi/miniconda3/lib/python3.13/site-packages/rapidocr/models/ch_ptocr_mobile_v2.0_cls_mobile.pth[0m
[32m[INFO] 2026-05-26 13:21:20,128 [RapidOCR] main.py:50: Using /home/santi/miniconda3/lib/python3.13/site-packages/rapidocr/models/ch_ptocr_mobile_v2.0_cls_mobile.pth[0m
[32m[INFO] 2026-05-26 13:21:20,189 [RapidOCR] base.py:22: Using engine_name: torch[0m
[32m[INFO] 2026-05-26 13:21:20,189 [RapidOCR] device_config.py:64: Using GPU device with ID: 0[0m
[32m[INFO] 2026-05-26 13:21:20,205 [RapidOCR] download_file.py:60: File exists and is valid: /home/santi/miniconda3/lib/python3.13/site-packages/rapidocr/models/ch_PP-OCRv4_rec_mobile.pth[0m
[32m[INFO] 2026-05-26 13:21:20,205 [RapidOCR] main.py:50: Using /home/santi/miniconda3/lib/python3.13/site-packages/rapidocr/models/ch_PP-OCRv4_rec_mobile.pth[0m
[+] Procesando PDF: DJINN_init_redes_arboles_Humbird_2018.pdf
Loading weights:   0%|          | 0/770 [00:00<?, ?it/s]Loading weights:  79%|███████▉  | 611/770 [00:00<00:00, 6106.60it/s]Loading weights: 100%|██████████| 770/770 [00:00<00:00, 6279.77it/s]
[+] Figuras encontradas: 5
  [+] fig_001 → fig_001_Fig_1_Illustration_of_the_DJINN_mappin.png
  [+] fig_002 → fig_002_Fig_2_Truth_tables_decision_trees_an.png
  [+] fig_003 → fig_003_Fig_3_MSE_normalized_to_the_MSE_of_on.png
  [+] fig_004 → fig_004_Fig_4_Cost_MSE_for_data_scaled_to_0.png
  [+] fig_005 → fig_005_Fig_5_Cost_cross_entropy_with_logits.png
[+] Imágenes guardadas en: /media/santi/ALMACEN_GRANDE_1/ilovepappers/pappers/DJINN_init_redes_arboles_Humbird_2018_figures/images
[+] JSON guardado en: /media/santi/ALMACEN_GRANDE_1/ilovepappers/pappers/DJINN_init_redes_arboles_Humbird_2018_figures/figures.json
[+] Markdown guardado en: /media/santi/ALMACEN_GRANDE_1/ilovepappers/pappers/DJINN_init_redes_arboles_Humbird_2018_figures/figures.md
[+] TXT guardado en: /media/santi/ALMACEN_GRANDE_1/ilovepappers/pappers/DJINN_init_redes_arboles_Humbird_2018_figures/captions.txt
[+] CSV guardado en: /media/santi/ALMACEN_GRANDE_1/ilovepappers/pappers/DJINN_init_redes_arboles_Humbird_2018_figures/captions.csv

✓ Extracción completada.
Salida: /media/santi/ALMACEN_GRANDE_1/ilovepappers/pappers/DJINN_init_redes_arboles_Humbird_2018_figures
    OK

[3] >>> Documentación Completa de Features - Predicción de Vacancias.pdf
[32m[INFO] 2026-05-26 13:21:35,790 [RapidOCR] base.py:22: Using engine_name: torch[0m
[32m[INFO] 2026-05-26 13:21:35,792 [RapidOCR] device_config.py:64: Using GPU device with ID: 0[0m
[32m[INFO] 2026-05-26 13:21:35,801 [RapidOCR] download_file.py:60: File exists and is valid: /home/santi/miniconda3/lib/python3.13/site-packages/rapidocr/models/ch_PP-OCRv4_det_mobile.pth[0m
[32m[INFO] 2026-05-26 13:21:35,801 [RapidOCR] main.py:50: Using /home/santi/miniconda3/lib/python3.13/site-packages/rapidocr/models/ch_PP-OCRv4_det_mobile.pth[0m
[32m[INFO] 2026-05-26 13:21:36,102 [RapidOCR] base.py:22: Using engine_name: torch[0m
[32m[INFO] 2026-05-26 13:21:36,103 [RapidOCR] device_config.py:64: Using GPU device with ID: 0[0m
[32m[INFO] 2026-05-26 13:21:36,103 [RapidOCR] download_file.py:60: File exists and is valid: /home/santi/miniconda3/lib/python3.13/site-packages/rapidocr/models/ch_ptocr_mobile_v2.0_cls_mobile.pth[0m
[32m[INFO] 2026-05-26 13:21:36,103 [RapidOCR] main.py:50: Using /home/santi/miniconda3/lib/python3.13/site-packages/rapidocr/models/ch_ptocr_mobile_v2.0_cls_mobile.pth[0m
[32m[INFO] 2026-05-26 13:21:36,164 [RapidOCR] base.py:22: Using engine_name: torch[0m
[32m[INFO] 2026-05-26 13:21:36,164 [RapidOCR] device_config.py:64: Using GPU device with ID: 0[0m
[32m[INFO] 2026-05-26 13:21:36,180 [RapidOCR] download_file.py:60: File exists and is valid: /home/santi/miniconda3/lib/python3.13/site-packages/rapidocr/models/ch_PP-OCRv4_rec_mobile.pth[0m
[32m[INFO] 2026-05-26 13:21:36,180 [RapidOCR] main.py:50: Using /home/santi/miniconda3/lib/python3.13/site-packages/rapidocr/models/ch_PP-OCRv4_rec_mobile.pth[0m
[+] Procesando PDF: Documentación Completa de Features - Predicción de Vacancias.pdf
Loading weights:   0%|          | 0/770 [00:00<?, ?it/s]Loading weights:  89%|████████▊ | 683/770 [00:00<00:00, 6829.34it/s]Loading weights: 100%|██████████| 770/770 [00:00<00:00, 6801.77it/s]
[+] Figuras encontradas: 0
[!] No se encontraron figuras.
    OK

[4] >>> EdgeConv_Explicacion_Detallada.md.pdf
[32m[INFO] 2026-05-26 13:21:48,864 [RapidOCR] base.py:22: Using engine_name: torch[0m
[32m[INFO] 2026-05-26 13:21:48,866 [RapidOCR] device_config.py:64: Using GPU device with ID: 0[0m
[32m[INFO] 2026-05-26 13:21:48,876 [RapidOCR] download_file.py:60: File exists and is valid: /home/santi/miniconda3/lib/python3.13/site-packages/rapidocr/models/ch_PP-OCRv4_det_mobile.pth[0m
[32m[INFO] 2026-05-26 13:21:48,876 [RapidOCR] main.py:50: Using /home/santi/miniconda3/lib/python3.13/site-packages/rapidocr/models/ch_PP-OCRv4_det_mobile.pth[0m
[32m[INFO] 2026-05-26 13:21:49,182 [RapidOCR] base.py:22: Using engine_name: torch[0m
[32m[INFO] 2026-05-26 13:21:49,182 [RapidOCR] device_config.py:64: Using GPU device with ID: 0[0m
[32m[INFO] 2026-05-26 13:21:49,183 [RapidOCR] download_file.py:60: File exists and is valid: /home/santi/miniconda3/lib/python3.13/site-packages/rapidocr/models/ch_ptocr_mobile_v2.0_cls_mobile.pth[0m
[32m[INFO] 2026-05-26 13:21:49,183 [RapidOCR] main.py:50: Using /home/santi/miniconda3/lib/python3.13/site-packages/rapidocr/models/ch_ptocr_mobile_v2.0_cls_mobile.pth[0m
[32m[INFO] 2026-05-26 13:21:49,242 [RapidOCR] base.py:22: Using engine_name: torch[0m
[32m[INFO] 2026-05-26 13:21:49,242 [RapidOCR] device_config.py:64: Using GPU device with ID: 0[0m
[32m[INFO] 2026-05-26 13:21:49,258 [RapidOCR] download_file.py:60: File exists and is valid: /home/santi/miniconda3/lib/python3.13/site-packages/rapidocr/models/ch_PP-OCRv4_rec_mobile.pth[0m
[32m[INFO] 2026-05-26 13:21:49,258 [RapidOCR] main.py:50: Using /home/santi/miniconda3/lib/python3.13/site-packages/rapidocr/models/ch_PP-OCRv4_rec_mobile.pth[0m
[+] Procesando PDF: EdgeConv_Explicacion_Detallada.md.pdf
Loading weights:   0%|          | 0/770 [00:00<?, ?it/s]Loading weights:  96%|█████████▌| 739/770 [00:00<00:00, 7389.25it/s]Loading weights: 100%|██████████| 770/770 [00:00<00:00, 7414.60it/s]
[+] Figuras encontradas: 6
  [+] fig_001 → fig_001_no_caption.png
  [+] fig_002 → fig_002_no_caption.png
  [+] fig_003 → fig_003_no_caption.png
  [+] fig_004 → fig_004_no_caption.png
  [+] fig_005 → fig_005_no_caption.png
  [+] fig_006 → fig_006_no_caption.png
[+] Imágenes guardadas en: /media/santi/ALMACEN_GRANDE_1/ilovepappers/pappers/EdgeConv_Explicacion_Detallada.md_figures/images
[+] JSON guardado en: /media/santi/ALMACEN_GRANDE_1/ilovepappers/pappers/EdgeConv_Explicacion_Detallada.md_figures/figures.json
[+] Markdown guardado en: /media/santi/ALMACEN_GRANDE_1/ilovepappers/pappers/EdgeConv_Explicacion_Detallada.md_figures/figures.md
[+] TXT guardado en: /media/santi/ALMACEN_GRANDE_1/ilovepappers/pappers/EdgeConv_Explicacion_Detallada.md_figures/captions.txt
[+] CSV guardado en: /media/santi/ALMACEN_GRANDE_1/ilovepappers/pappers/EdgeConv_Explicacion_Detallada.md_figures/captions.csv

✓ Extracción completada.
Salida: /media/santi/ALMACEN_GRANDE_1/ilovepappers/pappers/EdgeConv_Explicacion_Detallada.md_figures
    OK

[5] >>> FaVAD_fingerprints_defectos_vonToussaint_2020.pdf
[32m[INFO] 2026-05-26 13:21:59,670 [RapidOCR] base.py:22: Using engine_name: torch[0m
[32m[INFO] 2026-05-26 13:21:59,672 [RapidOCR] device_config.py:64: Using GPU device with ID: 0[0m
[32m[INFO] 2026-05-26 13:21:59,680 [RapidOCR] download_file.py:60: File exists and is valid: /home/santi/miniconda3/lib/python3.13/site-packages/rapidocr/models/ch_PP-OCRv4_det_mobile.pth[0m
[32m[INFO] 2026-05-26 13:21:59,681 [RapidOCR] main.py:50: Using /home/santi/miniconda3/lib/python3.13/site-packages/rapidocr/models/ch_PP-OCRv4_det_mobile.pth[0m
[32m[INFO] 2026-05-26 13:21:59,978 [RapidOCR] base.py:22: Using engine_name: torch[0m
[32m[INFO] 2026-05-26 13:21:59,978 [RapidOCR] device_config.py:64: Using GPU device with ID: 0[0m
[32m[INFO] 2026-05-26 13:21:59,979 [RapidOCR] download_file.py:60: File exists and is valid: /home/santi/miniconda3/lib/python3.13/site-packages/rapidocr/models/ch_ptocr_mobile_v2.0_cls_mobile.pth[0m
[32m[INFO] 2026-05-26 13:21:59,979 [RapidOCR] main.py:50: Using /home/santi/miniconda3/lib/python3.13/site-packages/rapidocr/models/ch_ptocr_mobile_v2.0_cls_mobile.pth[0m
[32m[INFO] 2026-05-26 13:22:00,038 [RapidOCR] base.py:22: Using engine_name: torch[0m
[32m[INFO] 2026-05-26 13:22:00,038 [RapidOCR] device_config.py:64: Using GPU device with ID: 0[0m
[32m[INFO] 2026-05-26 13:22:00,054 [RapidOCR] download_file.py:60: File exists and is valid: /home/santi/miniconda3/lib/python3.13/site-packages/rapidocr/models/ch_PP-OCRv4_rec_mobile.pth[0m
[32m[INFO] 2026-05-26 13:22:00,054 [RapidOCR] main.py:50: Using /home/santi/miniconda3/lib/python3.13/site-packages/rapidocr/models/ch_PP-OCRv4_rec_mobile.pth[0m
[+] Procesando PDF: FaVAD_fingerprints_defectos_vonToussaint_2020.pdf
Loading weights:   0%|          | 0/770 [00:00<?, ?it/s]Loading weights:  87%|████████▋ | 667/770 [00:00<00:00, 6668.51it/s]Loading weights: 100%|██████████| 770/770 [00:00<00:00, 6601.42it/s]
[+] Figuras encontradas: 9
  [+] fig_001 → fig_001_Figure_1_Workflow_for_analyzing_the_dam.png
  [+] fig_002 → fig_002_Figure_2_Workflow_for_calculating_vacan.png
  [+] fig_003 → fig_003_Figure_3_Fe_geometries_used_to_compute_.png
  [+] fig_004 → fig_004_Figure_4_Color_on-line_Normalized_dis.png
  [+] fig_005 → fig_005_Figure_5_Color_on-line_DVs_of_the_def.png
  [+] fig_006 → fig_006_no_caption.png
  [+] fig_007 → fig_007_Figure_7_Color_on-line_A_principal_co.png
  [+] fig_008 → fig_008_Figure_8_Comparison_of_the_nearest_dist.png
  [+] fig_009 → fig_009_Figure_9_Visualization_of_the_damage_in.png
[+] Imágenes guardadas en: /media/santi/ALMACEN_GRANDE_1/ilovepappers/pappers/FaVAD_fingerprints_defectos_vonToussaint_2020_figures/images
[+] JSON guardado en: /media/santi/ALMACEN_GRANDE_1/ilovepappers/pappers/FaVAD_fingerprints_defectos_vonToussaint_2020_figures/figures.json
[+] Markdown guardado en: /media/santi/ALMACEN_GRANDE_1/ilovepappers/pappers/FaVAD_fingerprints_defectos_vonToussaint_2020_figures/figures.md
[+] TXT guardado en: /media/santi/ALMACEN_GRANDE_1/ilovepappers/pappers/FaVAD_fingerprints_defectos_vonToussaint_2020_figures/captions.txt
[+] CSV guardado en: /media/santi/ALMACEN_GRANDE_1/ilovepappers/pappers/FaVAD_fingerprints_defectos_vonToussaint_2020_figures/captions.csv

✓ Extracción completada.
Salida: /media/santi/ALMACEN_GRANDE_1/ilovepappers/pappers/FaVAD_fingerprints_defectos_vonToussaint_2020_figures
    OK

[6] >>> Fotocatalizadores_alternativos_TiO2_Hernandez_2009.pdf
[32m[INFO] 2026-05-26 13:22:19,560 [RapidOCR] base.py:22: Using engine_name: torch[0m
[32m[INFO] 2026-05-26 13:22:19,562 [RapidOCR] device_config.py:64: Using GPU device with ID: 0[0m
[32m[INFO] 2026-05-26 13:22:19,571 [RapidOCR] download_file.py:60: File exists and is valid: /home/santi/miniconda3/lib/python3.13/site-packages/rapidocr/models/ch_PP-OCRv4_det_mobile.pth[0m
[32m[INFO] 2026-05-26 13:22:19,571 [RapidOCR] main.py:50: Using /home/santi/miniconda3/lib/python3.13/site-packages/rapidocr/models/ch_PP-OCRv4_det_mobile.pth[0m
[32m[INFO] 2026-05-26 13:22:19,867 [RapidOCR] base.py:22: Using engine_name: torch[0m
[32m[INFO] 2026-05-26 13:22:19,867 [RapidOCR] device_config.py:64: Using GPU device with ID: 0[0m
[32m[INFO] 2026-05-26 13:22:19,867 [RapidOCR] download_file.py:60: File exists and is valid: /home/santi/miniconda3/lib/python3.13/site-packages/rapidocr/models/ch_ptocr_mobile_v2.0_cls_mobile.pth[0m
[32m[INFO] 2026-05-26 13:22:19,868 [RapidOCR] main.py:50: Using /home/santi/miniconda3/lib/python3.13/site-packages/rapidocr/models/ch_ptocr_mobile_v2.0_cls_mobile.pth[0m
[32m[INFO] 2026-05-26 13:22:19,926 [RapidOCR] base.py:22: Using engine_name: torch[0m
[32m[INFO] 2026-05-26 13:22:19,927 [RapidOCR] device_config.py:64: Using GPU device with ID: 0[0m
[32m[INFO] 2026-05-26 13:22:19,942 [RapidOCR] download_file.py:60: File exists and is valid: /home/santi/miniconda3/lib/python3.13/site-packages/rapidocr/models/ch_PP-OCRv4_rec_mobile.pth[0m
[32m[INFO] 2026-05-26 13:22:19,942 [RapidOCR] main.py:50: Using /home/santi/miniconda3/lib/python3.13/site-packages/rapidocr/models/ch_PP-OCRv4_rec_mobile.pth[0m
[+] Procesando PDF: Fotocatalizadores_alternativos_TiO2_Hernandez_2009.pdf
Loading weights:   0%|          | 0/770 [00:00<?, ?it/s]Loading weights:  83%|████████▎ | 641/770 [00:00<00:00, 6389.47it/s]Loading weights: 100%|██████████| 770/770 [00:00<00:00, 6063.59it/s]
RapidOCR returned empty result!
RapidOCR returned empty result!
[33m[WARNING] 2026-05-26 13:22:24,341 [RapidOCR] main.py:132: The text detection result is empty[0m
RapidOCR returned empty result!
[+] Figuras encontradas: 15
  [+] fig_001 → fig_001_Silvia_Surez.png
  [+] fig_002 → fig_002_Mara_D__Hernndez_-Alonso.png
  [+] fig_003 → fig_003_Juan_M__Coronado.png
  [+] fig_004 → fig_004_Fernando_Fresno.png
  [+] fig_005 → fig_005_Fig_2_Pictorial_diagram_showing_the_mai.png
  [+] fig_006 → fig_006_Fig_1_Annual_evolution_of_the_number_of.png
  [+] fig_007 → fig_007_Fig_3_Examples_of_single_site_photocata.png
  [+] fig_008 → fig_008_Fig_4_Band_gaps_eV_and_redox_potentia.png
  [+] fig_009 → fig_009_Fig_5_Photoactivity_expressed_as_the_in.png
  [+] fig_010 → fig_010_Fig_6_Mechanism_for_charge_separation_o.png
  [+] fig_011 → fig_011_Fig_7_Incident_solar_power_as_a_functio.png
  [+] fig_012 → fig_012_Fig_8_SEM_images_of_a_Au_and_b_NiO_.png
  [+] fig_013 → fig_013_Fig_9_Left_panel_Photocatalytic_degrad.png
  [+] fig_014 → fig_014_Fig_10_Transmission_electron_micrograph.png
  [+] fig_015 → fig_015_Fig_11_Pictorial_diagram_showing_the_pr.png
[+] Imágenes guardadas en: /media/santi/ALMACEN_GRANDE_1/ilovepappers/pappers/Fotocatalizadores_alternativos_TiO2_Hernandez_2009_figures/images
[+] JSON guardado en: /media/santi/ALMACEN_GRANDE_1/ilovepappers/pappers/Fotocatalizadores_alternativos_TiO2_Hernandez_2009_figures/figures.json
[+] Markdown guardado en: /media/santi/ALMACEN_GRANDE_1/ilovepappers/pappers/Fotocatalizadores_alternativos_TiO2_Hernandez_2009_figures/figures.md
[+] TXT guardado en: /media/santi/ALMACEN_GRANDE_1/ilovepappers/pappers/Fotocatalizadores_alternativos_TiO2_Hernandez_2009_figures/captions.txt
[+] CSV guardado en: /media/santi/ALMACEN_GRANDE_1/ilovepappers/pappers/Fotocatalizadores_alternativos_TiO2_Hernandez_2009_figures/captions.csv

✓ Extracción completada.
Salida: /media/santi/ALMACEN_GRANDE_1/ilovepappers/pappers/Fotocatalizadores_alternativos_TiO2_Hernandez_2009_figures
    OK

[7] >>> Grafos_MD_silice_Gaigeot_PCCP_2025.pdf
[32m[INFO] 2026-05-26 13:22:53,813 [RapidOCR] base.py:22: Using engine_name: torch[0m
[32m[INFO] 2026-05-26 13:22:53,815 [RapidOCR] device_config.py:64: Using GPU device with ID: 0[0m
[32m[INFO] 2026-05-26 13:22:53,824 [RapidOCR] download_file.py:60: File exists and is valid: /home/santi/miniconda3/lib/python3.13/site-packages/rapidocr/models/ch_PP-OCRv4_det_mobile.pth[0m
[32m[INFO] 2026-05-26 13:22:53,824 [RapidOCR] main.py:50: Using /home/santi/miniconda3/lib/python3.13/site-packages/rapidocr/models/ch_PP-OCRv4_det_mobile.pth[0m
[32m[INFO] 2026-05-26 13:22:54,130 [RapidOCR] base.py:22: Using engine_name: torch[0m
[32m[INFO] 2026-05-26 13:22:54,130 [RapidOCR] device_config.py:64: Using GPU device with ID: 0[0m
[32m[INFO] 2026-05-26 13:22:54,131 [RapidOCR] download_file.py:60: File exists and is valid: /home/santi/miniconda3/lib/python3.13/site-packages/rapidocr/models/ch_ptocr_mobile_v2.0_cls_mobile.pth[0m
[32m[INFO] 2026-05-26 13:22:54,131 [RapidOCR] main.py:50: Using /home/santi/miniconda3/lib/python3.13/site-packages/rapidocr/models/ch_ptocr_mobile_v2.0_cls_mobile.pth[0m
[32m[INFO] 2026-05-26 13:22:54,190 [RapidOCR] base.py:22: Using engine_name: torch[0m
[32m[INFO] 2026-05-26 13:22:54,190 [RapidOCR] device_config.py:64: Using GPU device with ID: 0[0m
[32m[INFO] 2026-05-26 13:22:54,206 [RapidOCR] download_file.py:60: File exists and is valid: /home/santi/miniconda3/lib/python3.13/site-packages/rapidocr/models/ch_PP-OCRv4_rec_mobile.pth[0m
[32m[INFO] 2026-05-26 13:22:54,206 [RapidOCR] main.py:50: Using /home/santi/miniconda3/lib/python3.13/site-packages/rapidocr/models/ch_PP-OCRv4_rec_mobile.pth[0m
[+] Procesando PDF: Grafos_MD_silice_Gaigeot_PCCP_2025.pdf
Loading weights:   0%|          | 0/770 [00:00<?, ?it/s]Loading weights:  97%|█████████▋| 746/770 [00:00<00:00, 7459.30it/s]Loading weights: 100%|██████████| 770/770 [00:00<00:00, 7479.49it/s]
[+] Figuras encontradas: 22
  [+] fig_001 → fig_001_no_caption.png
  [+] fig_002 → fig_002_no_caption.png
  [+] fig_003 → fig_003_no_caption.png
  [+] fig_004 → fig_004_no_caption.png
  [+] fig_005 → fig_005_no_caption.png
  [+] fig_006 → fig_006_no_caption.png
  [+] fig_007 → fig_007_no_caption.png
  [+] fig_008 → fig_008_no_caption.png
  [+] fig_009 → fig_009_no_caption.png
  [+] fig_010 → fig_010_no_caption.png
  [+] fig_011 → fig_011_Fig_1_Illustration_of_the_passage_from_.png
  [+] fig_012 → fig_012_Fig_2_Identification_of_conformations_o.png
  [+] fig_013 → fig_013_Fig_3_The_generalized_workflow_for_the_.png
  [+] fig_014 → fig_014_Fig_4_The_network_of_states_of_the_sili.png
  [+] fig_015 → fig_015_Fig_5_Illustration_of_the_passage_from_.png
  [+] fig_016 → fig_016_Fig_7_Illustration_of_two_2-partner_mot.png
  [+] fig_017 → fig_017_Fig_6_Illustration_of_concepts_for_the_.png
  [+] fig_018 → fig_018_no_caption.png
  [+] fig_019 → fig_019_Fig_8_Distribution_of_the_number_of_occ.png
  [+] fig_020 → fig_020_Fig_9_Distribution_of_the_number_of_occ.png
  [+] fig_021 → fig_021_no_caption.png
  [+] fig_022 → fig_022_Fig_11_Illustration_of_one_4-partner_mo.png
[+] Imágenes guardadas en: /media/santi/ALMACEN_GRANDE_1/ilovepappers/pappers/Grafos_MD_silice_Gaigeot_PCCP_2025_figures/images
[+] JSON guardado en: /media/santi/ALMACEN_GRANDE_1/ilovepappers/pappers/Grafos_MD_silice_Gaigeot_PCCP_2025_figures/figures.json
[+] Markdown guardado en: /media/santi/ALMACEN_GRANDE_1/ilovepappers/pappers/Grafos_MD_silice_Gaigeot_PCCP_2025_figures/figures.md
[+] TXT guardado en: /media/santi/ALMACEN_GRANDE_1/ilovepappers/pappers/Grafos_MD_silice_Gaigeot_PCCP_2025_figures/captions.txt
[+] CSV guardado en: /media/santi/ALMACEN_GRANDE_1/ilovepappers/pappers/Grafos_MD_silice_Gaigeot_PCCP_2025_figures/captions.csv

✓ Extracción completada.
Salida: /media/santi/ALMACEN_GRANDE_1/ilovepappers/pappers/Grafos_MD_silice_Gaigeot_PCCP_2025_figures
    OK

[8] >>> MD_cascadas_CuNi_irradiacion_Wei_2025.pdf
[32m[INFO] 2026-05-26 13:23:12,570 [RapidOCR] base.py:22: Using engine_name: torch[0m
[32m[INFO] 2026-05-26 13:23:12,571 [RapidOCR] device_config.py:64: Using GPU device with ID: 0[0m
[32m[INFO] 2026-05-26 13:23:12,580 [RapidOCR] download_file.py:60: File exists and is valid: /home/santi/miniconda3/lib/python3.13/site-packages/rapidocr/models/ch_PP-OCRv4_det_mobile.pth[0m
[32m[INFO] 2026-05-26 13:23:12,580 [RapidOCR] main.py:50: Using /home/santi/miniconda3/lib/python3.13/site-packages/rapidocr/models/ch_PP-OCRv4_det_mobile.pth[0m
[32m[INFO] 2026-05-26 13:23:12,890 [RapidOCR] base.py:22: Using engine_name: torch[0m
[32m[INFO] 2026-05-26 13:23:12,890 [RapidOCR] device_config.py:64: Using GPU device with ID: 0[0m
[32m[INFO] 2026-05-26 13:23:12,890 [RapidOCR] download_file.py:60: File exists and is valid: /home/santi/miniconda3/lib/python3.13/site-packages/rapidocr/models/ch_ptocr_mobile_v2.0_cls_mobile.pth[0m
[32m[INFO] 2026-05-26 13:23:12,891 [RapidOCR] main.py:50: Using /home/santi/miniconda3/lib/python3.13/site-packages/rapidocr/models/ch_ptocr_mobile_v2.0_cls_mobile.pth[0m
[32m[INFO] 2026-05-26 13:23:12,949 [RapidOCR] base.py:22: Using engine_name: torch[0m
[32m[INFO] 2026-05-26 13:23:12,950 [RapidOCR] device_config.py:64: Using GPU device with ID: 0[0m
[32m[INFO] 2026-05-26 13:23:12,965 [RapidOCR] download_file.py:60: File exists and is valid: /home/santi/miniconda3/lib/python3.13/site-packages/rapidocr/models/ch_PP-OCRv4_rec_mobile.pth[0m
[32m[INFO] 2026-05-26 13:23:12,965 [RapidOCR] main.py:50: Using /home/santi/miniconda3/lib/python3.13/site-packages/rapidocr/models/ch_PP-OCRv4_rec_mobile.pth[0m
[+] Procesando PDF: MD_cascadas_CuNi_irradiacion_Wei_2025.pdf
Loading weights:   0%|          | 0/770 [00:00<?, ?it/s]Loading weights:  81%|████████  | 623/770 [00:00<00:00, 6220.72it/s]Loading weights: 100%|██████████| 770/770 [00:00<00:00, 6364.44it/s]
[+] Figuras encontradas: 30
  [+] fig_001 → fig_001_no_caption.png
  [+] fig_002 → fig_002_no_caption.png
  [+] fig_003 → fig_003_no_caption.png
  [+] fig_004 → fig_004_no_caption.png
  [+] fig_005 → fig_005_no_caption.png
  [+] fig_006 → fig_006_no_caption.png
  [+] fig_007 → fig_007_no_caption.png
  [+] fig_008 → fig_008_no_caption.png
  [+] fig_009 → fig_009_Fig_1_Detailed_flow_chart_of_the_simul.png
  [+] fig_010 → fig_010_no_caption.png
  [+] fig_011 → fig_011_Fig_3_Variations_in_the_temperature_an.png
  [+] fig_012 → fig_012_Fig_4_The_change_of_the_Frenkel_defect.png
  [+] fig_013 → fig_013_Fig_5_Number_of_Frenkel_defect_pairs_i.png
  [+] fig_014 → fig_014_Fig_6_The_number_of_Frenkel_defect_pai.png
  [+] fig_015 → fig_015_Fig_7_The_final_distribution_of_Frenke.png
  [+] fig_016 → fig_016_Fig_8_The_number_of_Frenkel_defect_pai.png
  [+] fig_017 → fig_017_Fig_9_The_number_of_Frenkel_defect_pai.png
  [+] fig_018 → fig_018_Fig_10_The_number_of_Frenkel_defect_pa.png
  [+] fig_019 → fig_019_Fig_11_a_Vacant_clusters_and_b_int.png
  [+] fig_020 → fig_020_Fig_12_The_number_of_Frenkel_defects_i.png
  [+] fig_021 → fig_021_Fig_13_The_final_distribution_of_the_n.png
  [+] fig_022 → fig_022_Fig_14_a_Stress-strain_curves_and_b.png
  [+] fig_023 → fig_023_Fig_15_The_yield_strength_of_Cu_-Ni_al.png
  [+] fig_024 → fig_024_Fig_16_Structural_phase_transitions_ob.png
  [+] fig_025 → fig_025_Fig_17_Comparison_of_phase_change_stru.png
  [+] fig_026 → fig_026_Fig_18_The_length_of_the_dislocation_l.png
  [+] fig_027 → fig_027_Fig_19_The_Microstructural_diagrams_of.png
  [+] fig_028 → fig_028_Fig_20_Stress-strain_curves_of_a_Cu-.png
  [+] fig_029 → fig_029_Fig_21_The_lengths_of_dislocation_line.png
  [+] fig_030 → fig_030_Fig_22_Yield_strength_GPa_of_Cu_and_.png
[+] Imágenes guardadas en: /media/santi/ALMACEN_GRANDE_1/ilovepappers/pappers/MD_cascadas_CuNi_irradiacion_Wei_2025_figures/images
[+] JSON guardado en: /media/santi/ALMACEN_GRANDE_1/ilovepappers/pappers/MD_cascadas_CuNi_irradiacion_Wei_2025_figures/figures.json
[+] Markdown guardado en: /media/santi/ALMACEN_GRANDE_1/ilovepappers/pappers/MD_cascadas_CuNi_irradiacion_Wei_2025_figures/figures.md
[+] TXT guardado en: /media/santi/ALMACEN_GRANDE_1/ilovepappers/pappers/MD_cascadas_CuNi_irradiacion_Wei_2025_figures/captions.txt
[+] CSV guardado en: /media/santi/ALMACEN_GRANDE_1/ilovepappers/pappers/MD_cascadas_CuNi_irradiacion_Wei_2025_figures/captions.csv

✓ Extracción completada.
Salida: /media/santi/ALMACEN_GRANDE_1/ilovepappers/pappers/MD_cascadas_CuNi_irradiacion_Wei_2025_figures
    OK

[9] >>> MD_kMC_tungsteno_dose_rate_Boleininger_2025.pdf
[32m[INFO] 2026-05-26 13:23:42,346 [RapidOCR] base.py:22: Using engine_name: torch[0m
[32m[INFO] 2026-05-26 13:23:42,348 [RapidOCR] device_config.py:64: Using GPU device with ID: 0[0m
[32m[INFO] 2026-05-26 13:23:42,357 [RapidOCR] download_file.py:60: File exists and is valid: /home/santi/miniconda3/lib/python3.13/site-packages/rapidocr/models/ch_PP-OCRv4_det_mobile.pth[0m
[32m[INFO] 2026-05-26 13:23:42,357 [RapidOCR] main.py:50: Using /home/santi/miniconda3/lib/python3.13/site-packages/rapidocr/models/ch_PP-OCRv4_det_mobile.pth[0m
[32m[INFO] 2026-05-26 13:23:42,657 [RapidOCR] base.py:22: Using engine_name: torch[0m
[32m[INFO] 2026-05-26 13:23:42,658 [RapidOCR] device_config.py:64: Using GPU device with ID: 0[0m
[32m[INFO] 2026-05-26 13:23:42,658 [RapidOCR] download_file.py:60: File exists and is valid: /home/santi/miniconda3/lib/python3.13/site-packages/rapidocr/models/ch_ptocr_mobile_v2.0_cls_mobile.pth[0m
[32m[INFO] 2026-05-26 13:23:42,658 [RapidOCR] main.py:50: Using /home/santi/miniconda3/lib/python3.13/site-packages/rapidocr/models/ch_ptocr_mobile_v2.0_cls_mobile.pth[0m
[32m[INFO] 2026-05-26 13:23:42,718 [RapidOCR] base.py:22: Using engine_name: torch[0m
[32m[INFO] 2026-05-26 13:23:42,718 [RapidOCR] device_config.py:64: Using GPU device with ID: 0[0m
[32m[INFO] 2026-05-26 13:23:42,734 [RapidOCR] download_file.py:60: File exists and is valid: /home/santi/miniconda3/lib/python3.13/site-packages/rapidocr/models/ch_PP-OCRv4_rec_mobile.pth[0m
[32m[INFO] 2026-05-26 13:23:42,734 [RapidOCR] main.py:50: Using /home/santi/miniconda3/lib/python3.13/site-packages/rapidocr/models/ch_PP-OCRv4_rec_mobile.pth[0m
[+] Procesando PDF: MD_kMC_tungsteno_dose_rate_Boleininger_2025.pdf
Loading weights:   0%|          | 0/770 [00:00<?, ?it/s]Loading weights:  92%|█████████▏| 710/770 [00:00<00:00, 7092.43it/s]Loading weights: 100%|██████████| 770/770 [00:00<00:00, 7138.45it/s]
[+] Figuras encontradas: 17
  [+] fig_001 → fig_001_no_caption.png
  [+] fig_002 → fig_002_no_caption.png
  [+] fig_003 → fig_003_no_caption.png
  [+] fig_004 → fig_004_Fig_1_Basic_concepts_of_the_recovery_of.png
  [+] fig_005 → fig_005_no_caption.png
  [+] fig_006 → fig_006_no_caption.png
  [+] fig_007 → fig_007_Fig_2_Vacancy-acceleration_algorithm_.png
  [+] fig_008 → fig_008_no_caption.png
  [+] fig_009 → fig_009_Fig_3_Simulated_irradiation_of_tungsten.png
  [+] fig_010 → fig_010_Fig_4_Simulated_irradiation_of_tungsten.png
  [+] fig_011 → fig_011_Fig_5_Comparing_prediction_to_simulatio.png
  [+] fig_012 → fig_012_no_caption.png
  [+] fig_013 → fig_013_Fig_6_Comparison_to_experiment_a_Deu.png
  [+] fig_014 → fig_014_Fig_7_Vacancy_detection_validation_Top.png
  [+] fig_015 → fig_015_no_caption.png
  [+] fig_016 → fig_016_Fig_8_Kinetic_Monte_Carlo_validation_S.png
  [+] fig_017 → fig_017_no_caption.png
[+] Imágenes guardadas en: /media/santi/ALMACEN_GRANDE_1/ilovepappers/pappers/MD_kMC_tungsteno_dose_rate_Boleininger_2025_figures/images
[+] JSON guardado en: /media/santi/ALMACEN_GRANDE_1/ilovepappers/pappers/MD_kMC_tungsteno_dose_rate_Boleininger_2025_figures/figures.json
[+] Markdown guardado en: /media/santi/ALMACEN_GRANDE_1/ilovepappers/pappers/MD_kMC_tungsteno_dose_rate_Boleininger_2025_figures/figures.md
[+] TXT guardado en: /media/santi/ALMACEN_GRANDE_1/ilovepappers/pappers/MD_kMC_tungsteno_dose_rate_Boleininger_2025_figures/captions.txt
[+] CSV guardado en: /media/santi/ALMACEN_GRANDE_1/ilovepappers/pappers/MD_kMC_tungsteno_dose_rate_Boleininger_2025_figures/captions.csv

✓ Extracción completada.
Salida: /media/santi/ALMACEN_GRANDE_1/ilovepappers/pappers/MD_kMC_tungsteno_dose_rate_Boleininger_2025_figures
    OK

[10] >>> MLIP_HfO2_ferroelectrico_Kankanamalage_2026.pdf
[32m[INFO] 2026-05-26 13:24:02,033 [RapidOCR] base.py:22: Using engine_name: torch[0m
[32m[INFO] 2026-05-26 13:24:02,034 [RapidOCR] device_config.py:64: Using GPU device with ID: 0[0m
[32m[INFO] 2026-05-26 13:24:02,043 [RapidOCR] download_file.py:60: File exists and is valid: /home/santi/miniconda3/lib/python3.13/site-packages/rapidocr/models/ch_PP-OCRv4_det_mobile.pth[0m
[32m[INFO] 2026-05-26 13:24:02,043 [RapidOCR] main.py:50: Using /home/santi/miniconda3/lib/python3.13/site-packages/rapidocr/models/ch_PP-OCRv4_det_mobile.pth[0m
[32m[INFO] 2026-05-26 13:24:02,348 [RapidOCR] base.py:22: Using engine_name: torch[0m
[32m[INFO] 2026-05-26 13:24:02,348 [RapidOCR] device_config.py:64: Using GPU device with ID: 0[0m
[32m[INFO] 2026-05-26 13:24:02,348 [RapidOCR] download_file.py:60: File exists and is valid: /home/santi/miniconda3/lib/python3.13/site-packages/rapidocr/models/ch_ptocr_mobile_v2.0_cls_mobile.pth[0m
[32m[INFO] 2026-05-26 13:24:02,349 [RapidOCR] main.py:50: Using /home/santi/miniconda3/lib/python3.13/site-packages/rapidocr/models/ch_ptocr_mobile_v2.0_cls_mobile.pth[0m
[32m[INFO] 2026-05-26 13:24:02,408 [RapidOCR] base.py:22: Using engine_name: torch[0m
[32m[INFO] 2026-05-26 13:24:02,408 [RapidOCR] device_config.py:64: Using GPU device with ID: 0[0m
[32m[INFO] 2026-05-26 13:24:02,424 [RapidOCR] download_file.py:60: File exists and is valid: /home/santi/miniconda3/lib/python3.13/site-packages/rapidocr/models/ch_PP-OCRv4_rec_mobile.pth[0m
[32m[INFO] 2026-05-26 13:24:02,424 [RapidOCR] main.py:50: Using /home/santi/miniconda3/lib/python3.13/site-packages/rapidocr/models/ch_PP-OCRv4_rec_mobile.pth[0m
[+] Procesando PDF: MLIP_HfO2_ferroelectrico_Kankanamalage_2026.pdf
Loading weights:   0%|          | 0/770 [00:00<?, ?it/s]Loading weights:  87%|████████▋ | 669/770 [00:00<00:00, 6675.52it/s]Loading weights: 100%|██████████| 770/770 [00:00<00:00, 6409.91it/s]
[+] Figuras encontradas: 11
  [+] fig_001 → fig_001_no_caption.png
  [+] fig_002 → fig_002_FIG_1_Crystal_structures_of_different_.png
  [+] fig_003 → fig_003_FIG_3_Predicted_bulk_modulus_B_and_s.png
  [+] fig_004 → fig_004_FIG_2_Equations_of_state_energy_vs_vo.png
  [+] fig_005 → fig_005_FIG_4_Pressure_dependence_of_the_nine_.png
  [+] fig_006 → fig_006_FIG_5_Schematic_of_the_DGCNN_architect.png
  [+] fig_007 → fig_007_FIG_6_Comparison_of_Radial_distributio.png
  [+] fig_008 → fig_008_no_caption.png
  [+] fig_009 → fig_009_FIG_7_Left_enthalpy_of_the_system_of_.png
  [+] fig_010 → fig_010_FIG_8_Confusion_matrix_of_the_hold-out.png
  [+] fig_011 → fig_011_FIG_9_No-pooling_convolutional_neural_.png
[+] Imágenes guardadas en: /media/santi/ALMACEN_GRANDE_1/ilovepappers/pappers/MLIP_HfO2_ferroelectrico_Kankanamalage_2026_figures/images
[+] JSON guardado en: /media/santi/ALMACEN_GRANDE_1/ilovepappers/pappers/MLIP_HfO2_ferroelectrico_Kankanamalage_2026_figures/figures.json
[+] Markdown guardado en: /media/santi/ALMACEN_GRANDE_1/ilovepappers/pappers/MLIP_HfO2_ferroelectrico_Kankanamalage_2026_figures/figures.md
[+] TXT guardado en: /media/santi/ALMACEN_GRANDE_1/ilovepappers/pappers/MLIP_HfO2_ferroelectrico_Kankanamalage_2026_figures/captions.txt
[+] CSV guardado en: /media/santi/ALMACEN_GRANDE_1/ilovepappers/pappers/MLIP_HfO2_ferroelectrico_Kankanamalage_2026_figures/captions.csv

✓ Extracción completada.
Salida: /media/santi/ALMACEN_GRANDE_1/ilovepappers/pappers/MLIP_HfO2_ferroelectrico_Kankanamalage_2026_figures
    OK

[11] >>> ML_vacancias_difusion_HEA_Reimer_2025.pdf
[32m[INFO] 2026-05-26 13:24:19,785 [RapidOCR] base.py:22: Using engine_name: torch[0m
[32m[INFO] 2026-05-26 13:24:19,787 [RapidOCR] device_config.py:64: Using GPU device with ID: 0[0m
[32m[INFO] 2026-05-26 13:24:19,795 [RapidOCR] download_file.py:60: File exists and is valid: /home/santi/miniconda3/lib/python3.13/site-packages/rapidocr/models/ch_PP-OCRv4_det_mobile.pth[0m
[32m[INFO] 2026-05-26 13:24:19,796 [RapidOCR] main.py:50: Using /home/santi/miniconda3/lib/python3.13/site-packages/rapidocr/models/ch_PP-OCRv4_det_mobile.pth[0m
[32m[INFO] 2026-05-26 13:24:20,101 [RapidOCR] base.py:22: Using engine_name: torch[0m
[32m[INFO] 2026-05-26 13:24:20,101 [RapidOCR] device_config.py:64: Using GPU device with ID: 0[0m
[32m[INFO] 2026-05-26 13:24:20,102 [RapidOCR] download_file.py:60: File exists and is valid: /home/santi/miniconda3/lib/python3.13/site-packages/rapidocr/models/ch_ptocr_mobile_v2.0_cls_mobile.pth[0m
[32m[INFO] 2026-05-26 13:24:20,102 [RapidOCR] main.py:50: Using /home/santi/miniconda3/lib/python3.13/site-packages/rapidocr/models/ch_ptocr_mobile_v2.0_cls_mobile.pth[0m
[32m[INFO] 2026-05-26 13:24:20,162 [RapidOCR] base.py:22: Using engine_name: torch[0m
[32m[INFO] 2026-05-26 13:24:20,162 [RapidOCR] device_config.py:64: Using GPU device with ID: 0[0m
[32m[INFO] 2026-05-26 13:24:20,178 [RapidOCR] download_file.py:60: File exists and is valid: /home/santi/miniconda3/lib/python3.13/site-packages/rapidocr/models/ch_PP-OCRv4_rec_mobile.pth[0m
[32m[INFO] 2026-05-26 13:24:20,178 [RapidOCR] main.py:50: Using /home/santi/miniconda3/lib/python3.13/site-packages/rapidocr/models/ch_PP-OCRv4_rec_mobile.pth[0m
[+] Procesando PDF: ML_vacancias_difusion_HEA_Reimer_2025.pdf
Loading weights:   0%|          | 0/770 [00:00<?, ?it/s]Loading weights:  89%|████████▉ | 686/770 [00:00<00:00, 6857.77it/s]Loading weights: 100%|██████████| 770/770 [00:00<00:00, 6946.84it/s]
RapidOCR returned empty result!
[+] Figuras encontradas: 29
  [+] fig_001 → fig_001_no_caption.png
  [+] fig_002 → fig_002_no_caption.png
  [+] fig_003 → fig_003_no_caption.png
  [+] fig_004 → fig_004_no_caption.png
  [+] fig_005 → fig_005_no_caption.png
  [+] fig_006 → fig_006_no_caption.png
  [+] fig_007 → fig_007_no_caption.png
  [+] fig_008 → fig_008_no_caption.png
  [+] fig_009 → fig_009_no_caption.png
  [+] fig_010 → fig_010_no_caption.png
  [+] fig_011 → fig_011_no_caption.png
  [+] fig_012 → fig_012_no_caption.png
  [+] fig_013 → fig_013_no_caption.png
  [+] fig_014 → fig_014_no_caption.png
  [+] fig_015 → fig_015_no_caption.png
  [+] fig_016 → fig_016_no_caption.png
  [+] fig_017 → fig_017_no_caption.png
  [+] fig_018 → fig_018_no_caption.png
  [+] fig_019 → fig_019_FIG_1_The_workflow_used_in_this_work_.png
  [+] fig_020 → fig_020_FIG_3_Network_structure_used_in_this_w.png
  [+] fig_021 → fig_021_FIG_2_Configurations_of_FCC_regions_of.png
  [+] fig_022 → fig_022_FIG_4_Log-likelihood_loss_plots_for_bo.png
  [+] fig_023 → fig_023_FIG_5_Mean_transition_preferences_per-.png
  [+] fig_024 → fig_024_FIG_7_Number_of_transition_events_dete.png
  [+] fig_025 → fig_025_FIG_6_Number_of_transition_events_dete.png
  [+] fig_026 → fig_026_FIG_8_ASD_measured_in_10_ps_intervals_.png
  [+] fig_027 → fig_027_FIG_9_NX_graph_representations_of_the_.png
  [+] fig_028 → fig_028_FIG_10_Histograms_of_vacancy_migration.png
  [+] fig_029 → fig_029_Unique_Compositions_Ordered_by_Cu.png
[+] Imágenes guardadas en: /media/santi/ALMACEN_GRANDE_1/ilovepappers/pappers/ML_vacancias_difusion_HEA_Reimer_2025_figures/images
[+] JSON guardado en: /media/santi/ALMACEN_GRANDE_1/ilovepappers/pappers/ML_vacancias_difusion_HEA_Reimer_2025_figures/figures.json
[+] Markdown guardado en: /media/santi/ALMACEN_GRANDE_1/ilovepappers/pappers/ML_vacancias_difusion_HEA_Reimer_2025_figures/figures.md
[+] TXT guardado en: /media/santi/ALMACEN_GRANDE_1/ilovepappers/pappers/ML_vacancias_difusion_HEA_Reimer_2025_figures/captions.txt
[+] CSV guardado en: /media/santi/ALMACEN_GRANDE_1/ilovepappers/pappers/ML_vacancias_difusion_HEA_Reimer_2025_figures/captions.csv

✓ Extracción completada.
Salida: /media/santi/ALMACEN_GRANDE_1/ilovepappers/pappers/ML_vacancias_difusion_HEA_Reimer_2025_figures
    OK

[12] >>> OE-BERT_DAPT_optoelectronica_Huang_2025.pdf
[32m[INFO] 2026-05-26 13:24:38,468 [RapidOCR] base.py:22: Using engine_name: torch[0m
[32m[INFO] 2026-05-26 13:24:38,470 [RapidOCR] device_config.py:64: Using GPU device with ID: 0[0m
[32m[INFO] 2026-05-26 13:24:38,478 [RapidOCR] download_file.py:60: File exists and is valid: /home/santi/miniconda3/lib/python3.13/site-packages/rapidocr/models/ch_PP-OCRv4_det_mobile.pth[0m
[32m[INFO] 2026-05-26 13:24:38,479 [RapidOCR] main.py:50: Using /home/santi/miniconda3/lib/python3.13/site-packages/rapidocr/models/ch_PP-OCRv4_det_mobile.pth[0m
[32m[INFO] 2026-05-26 13:24:38,778 [RapidOCR] base.py:22: Using engine_name: torch[0m
[32m[INFO] 2026-05-26 13:24:38,779 [RapidOCR] device_config.py:64: Using GPU device with ID: 0[0m
[32m[INFO] 2026-05-26 13:24:38,779 [RapidOCR] download_file.py:60: File exists and is valid: /home/santi/miniconda3/lib/python3.13/site-packages/rapidocr/models/ch_ptocr_mobile_v2.0_cls_mobile.pth[0m
[32m[INFO] 2026-05-26 13:24:38,780 [RapidOCR] main.py:50: Using /home/santi/miniconda3/lib/python3.13/site-packages/rapidocr/models/ch_ptocr_mobile_v2.0_cls_mobile.pth[0m
[32m[INFO] 2026-05-26 13:24:38,840 [RapidOCR] base.py:22: Using engine_name: torch[0m
[32m[INFO] 2026-05-26 13:24:38,840 [RapidOCR] device_config.py:64: Using GPU device with ID: 0[0m
[32m[INFO] 2026-05-26 13:24:38,856 [RapidOCR] download_file.py:60: File exists and is valid: /home/santi/miniconda3/lib/python3.13/site-packages/rapidocr/models/ch_PP-OCRv4_rec_mobile.pth[0m
[32m[INFO] 2026-05-26 13:24:38,856 [RapidOCR] main.py:50: Using /home/santi/miniconda3/lib/python3.13/site-packages/rapidocr/models/ch_PP-OCRv4_rec_mobile.pth[0m
[+] Procesando PDF: OE-BERT_DAPT_optoelectronica_Huang_2025.pdf
Loading weights:   0%|          | 0/770 [00:00<?, ?it/s]Loading weights:  86%|████████▌ | 664/770 [00:00<00:00, 6630.79it/s]Loading weights: 100%|██████████| 770/770 [00:00<00:00, 6504.21it/s]
[+] Figuras encontradas: 19
  [+] fig_001 → fig_001_no_caption.png
  [+] fig_002 → fig_002_no_caption.png
  [+] fig_003 → fig_003_no_caption.png
  [+] fig_004 → fig_004_no_caption.png
  [+] fig_005 → fig_005_no_caption.png
  [+] fig_006 → fig_006_no_caption.png
  [+] fig_007 → fig_007_no_caption.png
  [+] fig_008 → fig_008_no_caption.png
  [+] fig_009 → fig_009_no_caption.png
  [+] fig_010 → fig_010_no_caption.png
  [+] fig_011 → fig_011_Figure_1_Applications_of_BERT-like_mode.png
  [+] fig_012 → fig_012_no_caption.png
  [+] fig_013 → fig_013_Figure_2_Training_pipeline_for_the_opto.png
  [+] fig_014 → fig_014_Figure_3_Keyword_frequency_bar_chart_fo.png
  [+] fig_015 → fig_015_no_caption.png
  [+] fig_016 → fig_016_Figure_4_Pretraining_loss_and_token_pre.png
  [+] fig_017 → fig_017_Figure_5_Confusion_matrix_of_the_classi.png
  [+] fig_018 → fig_018_Figure_6_Performance_evolution_on_the_T.png
  [+] fig_019 → fig_019_Figure_7_Recall_k_results_plotted_agai.png
[+] Imágenes guardadas en: /media/santi/ALMACEN_GRANDE_1/ilovepappers/pappers/OE-BERT_DAPT_optoelectronica_Huang_2025_figures/images
[+] JSON guardado en: /media/santi/ALMACEN_GRANDE_1/ilovepappers/pappers/OE-BERT_DAPT_optoelectronica_Huang_2025_figures/figures.json
[+] Markdown guardado en: /media/santi/ALMACEN_GRANDE_1/ilovepappers/pappers/OE-BERT_DAPT_optoelectronica_Huang_2025_figures/figures.md
[+] TXT guardado en: /media/santi/ALMACEN_GRANDE_1/ilovepappers/pappers/OE-BERT_DAPT_optoelectronica_Huang_2025_figures/captions.txt
[+] CSV guardado en: /media/santi/ALMACEN_GRANDE_1/ilovepappers/pappers/OE-BERT_DAPT_optoelectronica_Huang_2025_figures/captions.csv

✓ Extracción completada.
Salida: /media/santi/ALMACEN_GRANDE_1/ilovepappers/pappers/OE-BERT_DAPT_optoelectronica_Huang_2025_figures
    OK

[13] >>> OMC25_cristales_moleculares_Meta_2025.pdf
[32m[INFO] 2026-05-26 13:24:55,795 [RapidOCR] base.py:22: Using engine_name: torch[0m
[32m[INFO] 2026-05-26 13:24:55,797 [RapidOCR] device_config.py:64: Using GPU device with ID: 0[0m
[32m[INFO] 2026-05-26 13:24:55,806 [RapidOCR] download_file.py:60: File exists and is valid: /home/santi/miniconda3/lib/python3.13/site-packages/rapidocr/models/ch_PP-OCRv4_det_mobile.pth[0m
[32m[INFO] 2026-05-26 13:24:55,806 [RapidOCR] main.py:50: Using /home/santi/miniconda3/lib/python3.13/site-packages/rapidocr/models/ch_PP-OCRv4_det_mobile.pth[0m
[32m[INFO] 2026-05-26 13:24:56,110 [RapidOCR] base.py:22: Using engine_name: torch[0m
[32m[INFO] 2026-05-26 13:24:56,110 [RapidOCR] device_config.py:64: Using GPU device with ID: 0[0m
[32m[INFO] 2026-05-26 13:24:56,111 [RapidOCR] download_file.py:60: File exists and is valid: /home/santi/miniconda3/lib/python3.13/site-packages/rapidocr/models/ch_ptocr_mobile_v2.0_cls_mobile.pth[0m
[32m[INFO] 2026-05-26 13:24:56,111 [RapidOCR] main.py:50: Using /home/santi/miniconda3/lib/python3.13/site-packages/rapidocr/models/ch_ptocr_mobile_v2.0_cls_mobile.pth[0m
[32m[INFO] 2026-05-26 13:24:56,171 [RapidOCR] base.py:22: Using engine_name: torch[0m
[32m[INFO] 2026-05-26 13:24:56,171 [RapidOCR] device_config.py:64: Using GPU device with ID: 0[0m
[32m[INFO] 2026-05-26 13:24:56,187 [RapidOCR] download_file.py:60: File exists and is valid: /home/santi/miniconda3/lib/python3.13/site-packages/rapidocr/models/ch_PP-OCRv4_rec_mobile.pth[0m
[32m[INFO] 2026-05-26 13:24:56,187 [RapidOCR] main.py:50: Using /home/santi/miniconda3/lib/python3.13/site-packages/rapidocr/models/ch_PP-OCRv4_rec_mobile.pth[0m
[+] Procesando PDF: OMC25_cristales_moleculares_Meta_2025.pdf
Loading weights:   0%|          | 0/770 [00:00<?, ?it/s]Loading weights:  83%|████████▎ | 640/770 [00:00<00:00, 6373.46it/s]Loading weights: 100%|██████████| 770/770 [00:00<00:00, 6640.54it/s]
[+] Figuras encontradas: 8
  [+] fig_001 → fig_001_Figure_1_Overview_of_the_OMC25_dataset_.png
  [+] fig_002 → fig_002_no_caption.png
  [+] fig_003 → fig_003_Figure_3_Comparison_of_properties_from_t.png
  [+] fig_004 → fig_004_Table_3_MLIP_evaluations_validation_and.png
  [+] fig_005 → fig_005_Listing_S2_Example_INCAR_settings_for_th.png
  [+] fig_006 → fig_006_Figure_S1_Convergence_study_for_the_DFT_.png
  [+] fig_007 → fig_007_Table_S1_Extended_MLIP_evaluation_result.png
  [+] fig_008 → fig_008_no_caption.png
[+] Imágenes guardadas en: /media/santi/ALMACEN_GRANDE_1/ilovepappers/pappers/OMC25_cristales_moleculares_Meta_2025_figures/images
[+] JSON guardado en: /media/santi/ALMACEN_GRANDE_1/ilovepappers/pappers/OMC25_cristales_moleculares_Meta_2025_figures/figures.json
[+] Markdown guardado en: /media/santi/ALMACEN_GRANDE_1/ilovepappers/pappers/OMC25_cristales_moleculares_Meta_2025_figures/figures.md
[+] TXT guardado en: /media/santi/ALMACEN_GRANDE_1/ilovepappers/pappers/OMC25_cristales_moleculares_Meta_2025_figures/captions.txt
[+] CSV guardado en: /media/santi/ALMACEN_GRANDE_1/ilovepappers/pappers/OMC25_cristales_moleculares_Meta_2025_figures/captions.csv

✓ Extracción completada.
Salida: /media/santi/ALMACEN_GRANDE_1/ilovepappers/pappers/OMC25_cristales_moleculares_Meta_2025_figures
    OK

[14] >>> PartNet_anotacion_regiones_3D_Yi.pdf
[32m[INFO] 2026-05-26 13:25:16,315 [RapidOCR] base.py:22: Using engine_name: torch[0m
[32m[INFO] 2026-05-26 13:25:16,316 [RapidOCR] device_config.py:64: Using GPU device with ID: 0[0m
[32m[INFO] 2026-05-26 13:25:16,325 [RapidOCR] download_file.py:60: File exists and is valid: /home/santi/miniconda3/lib/python3.13/site-packages/rapidocr/models/ch_PP-OCRv4_det_mobile.pth[0m
[32m[INFO] 2026-05-26 13:25:16,325 [RapidOCR] main.py:50: Using /home/santi/miniconda3/lib/python3.13/site-packages/rapidocr/models/ch_PP-OCRv4_det_mobile.pth[0m
[32m[INFO] 2026-05-26 13:25:16,628 [RapidOCR] base.py:22: Using engine_name: torch[0m
[32m[INFO] 2026-05-26 13:25:16,628 [RapidOCR] device_config.py:64: Using GPU device with ID: 0[0m
[32m[INFO] 2026-05-26 13:25:16,629 [RapidOCR] download_file.py:60: File exists and is valid: /home/santi/miniconda3/lib/python3.13/site-packages/rapidocr/models/ch_ptocr_mobile_v2.0_cls_mobile.pth[0m
[32m[INFO] 2026-05-26 13:25:16,629 [RapidOCR] main.py:50: Using /home/santi/miniconda3/lib/python3.13/site-packages/rapidocr/models/ch_ptocr_mobile_v2.0_cls_mobile.pth[0m
[32m[INFO] 2026-05-26 13:25:16,689 [RapidOCR] base.py:22: Using engine_name: torch[0m
[32m[INFO] 2026-05-26 13:25:16,689 [RapidOCR] device_config.py:64: Using GPU device with ID: 0[0m
[32m[INFO] 2026-05-26 13:25:16,705 [RapidOCR] download_file.py:60: File exists and is valid: /home/santi/miniconda3/lib/python3.13/site-packages/rapidocr/models/ch_PP-OCRv4_rec_mobile.pth[0m
[32m[INFO] 2026-05-26 13:25:16,705 [RapidOCR] main.py:50: Using /home/santi/miniconda3/lib/python3.13/site-packages/rapidocr/models/ch_PP-OCRv4_rec_mobile.pth[0m
[+] Procesando PDF: PartNet_anotacion_regiones_3D_Yi.pdf
Loading weights:   0%|          | 0/770 [00:00<?, ?it/s]Loading weights:  90%|████████▉ | 692/770 [00:00<00:00, 6887.89it/s]Loading weights: 100%|██████████| 770/770 [00:00<00:00, 6957.47it/s]
[+] Figuras encontradas: 13
  [+] fig_001 → fig_001_Figure_1_We_use_our_method_to_create_de.png
  [+] fig_002 → fig_002_Figure_2_This_figure_illustrates_the_nu.png
  [+] fig_003 → fig_003_Figure_3_This_figure_summarizes_our_pip.png
  [+] fig_004 → fig_004_no_caption.png
  [+] fig_005 → fig_005_Figure_4_At_each_iteration_our_method_s.png
  [+] fig_006 → fig_006_Figure_6_User_interface_for_acquiring_s.png
  [+] fig_007 → fig_007_Figure_7_Given_a_set_of_human_annotated.png
  [+] fig_008 → fig_008_no_caption.png
  [+] fig_009 → fig_009_Figure_9_We_use_our_method_to_get_part_.png
  [+] fig_010 → fig_010_Figure_10_Number_of_positively-verified.png
  [+] fig_011 → fig_011_Figure_11_Force-multiplication_factor_.png
  [+] fig_012 → fig_012_Figure_12_Our_automatic_label_propagati.png
  [+] fig_013 → fig_013_Figure_13_Comparison_of_different_varia.png
[+] Imágenes guardadas en: /media/santi/ALMACEN_GRANDE_1/ilovepappers/pappers/PartNet_anotacion_regiones_3D_Yi_figures/images
[+] JSON guardado en: /media/santi/ALMACEN_GRANDE_1/ilovepappers/pappers/PartNet_anotacion_regiones_3D_Yi_figures/figures.json
[+] Markdown guardado en: /media/santi/ALMACEN_GRANDE_1/ilovepappers/pappers/PartNet_anotacion_regiones_3D_Yi_figures/figures.md
[+] TXT guardado en: /media/santi/ALMACEN_GRANDE_1/ilovepappers/pappers/PartNet_anotacion_regiones_3D_Yi_figures/captions.txt
[+] CSV guardado en: /media/santi/ALMACEN_GRANDE_1/ilovepappers/pappers/PartNet_anotacion_regiones_3D_Yi_figures/captions.csv

✓ Extracción completada.
Salida: /media/santi/ALMACEN_GRANDE_1/ilovepappers/pappers/PartNet_anotacion_regiones_3D_Yi_figures
    OK

[15] >>> PointNet++_Qi_2017.pdf
[32m[INFO] 2026-05-26 13:25:51,935 [RapidOCR] base.py:22: Using engine_name: torch[0m
[32m[INFO] 2026-05-26 13:25:51,937 [RapidOCR] device_config.py:64: Using GPU device with ID: 0[0m
[32m[INFO] 2026-05-26 13:25:51,946 [RapidOCR] download_file.py:60: File exists and is valid: /home/santi/miniconda3/lib/python3.13/site-packages/rapidocr/models/ch_PP-OCRv4_det_mobile.pth[0m
[32m[INFO] 2026-05-26 13:25:51,946 [RapidOCR] main.py:50: Using /home/santi/miniconda3/lib/python3.13/site-packages/rapidocr/models/ch_PP-OCRv4_det_mobile.pth[0m
[32m[INFO] 2026-05-26 13:25:52,246 [RapidOCR] base.py:22: Using engine_name: torch[0m
[32m[INFO] 2026-05-26 13:25:52,246 [RapidOCR] device_config.py:64: Using GPU device with ID: 0[0m
[32m[INFO] 2026-05-26 13:25:52,247 [RapidOCR] download_file.py:60: File exists and is valid: /home/santi/miniconda3/lib/python3.13/site-packages/rapidocr/models/ch_ptocr_mobile_v2.0_cls_mobile.pth[0m
[32m[INFO] 2026-05-26 13:25:52,247 [RapidOCR] main.py:50: Using /home/santi/miniconda3/lib/python3.13/site-packages/rapidocr/models/ch_ptocr_mobile_v2.0_cls_mobile.pth[0m
[32m[INFO] 2026-05-26 13:25:52,308 [RapidOCR] base.py:22: Using engine_name: torch[0m
[32m[INFO] 2026-05-26 13:25:52,308 [RapidOCR] device_config.py:64: Using GPU device with ID: 0[0m
[32m[INFO] 2026-05-26 13:25:52,324 [RapidOCR] download_file.py:60: File exists and is valid: /home/santi/miniconda3/lib/python3.13/site-packages/rapidocr/models/ch_PP-OCRv4_rec_mobile.pth[0m
[32m[INFO] 2026-05-26 13:25:52,324 [RapidOCR] main.py:50: Using /home/santi/miniconda3/lib/python3.13/site-packages/rapidocr/models/ch_PP-OCRv4_rec_mobile.pth[0m
[+] Procesando PDF: PointNet++_Qi_2017.pdf
Loading weights:   0%|          | 0/770 [00:00<?, ?it/s]Loading weights:  90%|█████████ | 696/770 [00:00<00:00, 6956.95it/s]Loading weights: 100%|██████████| 770/770 [00:00<00:00, 6786.57it/s]
[33m[WARNING] 2026-05-26 13:25:58,764 [RapidOCR] main.py:132: The text detection result is empty[0m
RapidOCR returned empty result!
[33m[WARNING] 2026-05-26 13:26:00,113 [RapidOCR] main.py:132: The text detection result is empty[0m
RapidOCR returned empty result!
[+] Figuras encontradas: 9
  [+] fig_001 → fig_001_Figure_1_Visualization_of_a_scan_captur.png
  [+] fig_002 → fig_002_Figure_2_Illustration_of_our_hierarchic.png
  [+] fig_003 → fig_003_no_caption.png
  [+] fig_004 → fig_004_Figure_4_Left_Point_cloud_with_random_.png
  [+] fig_005 → fig_005_no_caption.png
  [+] fig_006 → fig_006_Wall_Floor_Chair_Desk_Bed_Door_Table_Fig.png
  [+] fig_007 → fig_007_Figure_7_An_example_of_nonrigid_shape_c.png
  [+] fig_008 → fig_008_Figure_8_3D_point_cloud_patterns_learne.png
  [+] fig_009 → fig_009_Figure_9_Virtual_scan_generated_from_Sc.png
[+] Imágenes guardadas en: /media/santi/ALMACEN_GRANDE_1/ilovepappers/pappers/PointNet++_Qi_2017_figures/images
[+] JSON guardado en: /media/santi/ALMACEN_GRANDE_1/ilovepappers/pappers/PointNet++_Qi_2017_figures/figures.json
[+] Markdown guardado en: /media/santi/ALMACEN_GRANDE_1/ilovepappers/pappers/PointNet++_Qi_2017_figures/figures.md
[+] TXT guardado en: /media/santi/ALMACEN_GRANDE_1/ilovepappers/pappers/PointNet++_Qi_2017_figures/captions.txt
[+] CSV guardado en: /media/santi/ALMACEN_GRANDE_1/ilovepappers/pappers/PointNet++_Qi_2017_figures/captions.csv

✓ Extracción completada.
Salida: /media/santi/ALMACEN_GRANDE_1/ilovepappers/pappers/PointNet++_Qi_2017_figures
    OK

[16] >>> PointNet_Qi_2017.pdf
[32m[INFO] 2026-05-26 13:26:08,058 [RapidOCR] base.py:22: Using engine_name: torch[0m
[32m[INFO] 2026-05-26 13:26:08,060 [RapidOCR] device_config.py:64: Using GPU device with ID: 0[0m
[32m[INFO] 2026-05-26 13:26:08,069 [RapidOCR] download_file.py:60: File exists and is valid: /home/santi/miniconda3/lib/python3.13/site-packages/rapidocr/models/ch_PP-OCRv4_det_mobile.pth[0m
[32m[INFO] 2026-05-26 13:26:08,069 [RapidOCR] main.py:50: Using /home/santi/miniconda3/lib/python3.13/site-packages/rapidocr/models/ch_PP-OCRv4_det_mobile.pth[0m
[32m[INFO] 2026-05-26 13:26:08,370 [RapidOCR] base.py:22: Using engine_name: torch[0m
[32m[INFO] 2026-05-26 13:26:08,370 [RapidOCR] device_config.py:64: Using GPU device with ID: 0[0m
[32m[INFO] 2026-05-26 13:26:08,371 [RapidOCR] download_file.py:60: File exists and is valid: /home/santi/miniconda3/lib/python3.13/site-packages/rapidocr/models/ch_ptocr_mobile_v2.0_cls_mobile.pth[0m
[32m[INFO] 2026-05-26 13:26:08,371 [RapidOCR] main.py:50: Using /home/santi/miniconda3/lib/python3.13/site-packages/rapidocr/models/ch_ptocr_mobile_v2.0_cls_mobile.pth[0m
[32m[INFO] 2026-05-26 13:26:08,432 [RapidOCR] base.py:22: Using engine_name: torch[0m
[32m[INFO] 2026-05-26 13:26:08,432 [RapidOCR] device_config.py:64: Using GPU device with ID: 0[0m
[32m[INFO] 2026-05-26 13:26:08,448 [RapidOCR] download_file.py:60: File exists and is valid: /home/santi/miniconda3/lib/python3.13/site-packages/rapidocr/models/ch_PP-OCRv4_rec_mobile.pth[0m
[32m[INFO] 2026-05-26 13:26:08,448 [RapidOCR] main.py:50: Using /home/santi/miniconda3/lib/python3.13/site-packages/rapidocr/models/ch_PP-OCRv4_rec_mobile.pth[0m
[+] Procesando PDF: PointNet_Qi_2017.pdf
Loading weights:   0%|          | 0/770 [00:00<?, ?it/s]Loading weights:  89%|████████▊ | 683/770 [00:00<00:00, 6829.08it/s]Loading weights: 100%|██████████| 770/770 [00:00<00:00, 6911.72it/s]
[33m[WARNING] 2026-05-26 13:26:20,042 [RapidOCR] main.py:132: The text detection result is empty[0m
RapidOCR returned empty result!
[33m[WARNING] 2026-05-26 13:26:20,789 [RapidOCR] main.py:132: The text detection result is empty[0m
RapidOCR returned empty result!
RapidOCR returned empty result!
RapidOCR returned empty result!
[33m[WARNING] 2026-05-26 13:26:27,163 [RapidOCR] main.py:132: The text detection result is empty[0m
RapidOCR returned empty result!
RapidOCR returned empty result!
RapidOCR returned empty result!
[+] Figuras encontradas: 24
  [+] fig_001 → fig_001_Figure_1_Applications_of_PointNet_We_p.png
  [+] fig_002 → fig_002_no_caption.png
  [+] fig_003 → fig_003_Figure_3_Qualitative_results_for_part_s.png
  [+] fig_004 → fig_004_Figure_4_Qualitative_results_for_semant.png
  [+] fig_005 → fig_005_Figure_5_Three_approaches_to_achieve_or.png
  [+] fig_006 → fig_006_Figure_6_PointNet_robustness_test_The_.png
  [+] fig_007 → fig_007_Figure_7_Critical_points_and_upper_boun.png
  [+] fig_008 → fig_008_no_caption.png
  [+] fig_009 → fig_009_mlp_64128128_mlp_641281024_input.png
  [+] fig_010 → fig_010_Figure_10_Baseline_3D_CNN_segmentation_.png
  [+] fig_011 → fig_011_Figure_11_Precision-recall_curves_for_o.png
  [+] fig_012 → fig_012_Figure_13_Shape_correspondence_between_.png
  [+] fig_013 → fig_013_Figure_12_Model_retrieval_from_point_cl.png
  [+] fig_014 → fig_014_Figure_14_Shape_correspondence_between_.png
  [+] fig_015 → fig_015_Figure_15_Effects_of_bottleneck_size_an.png
  [+] fig_016 → fig_016_Figure_16_PointNet_normal_reconstrution.png
  [+] fig_017 → fig_017_Figure_17_The_consistency_of_segmentati.png
  [+] fig_018 → fig_018_Figure_18_The_critical_point_sets_and_t.png
  [+] fig_019 → fig_019_Figure_19_Point_function_visualization.png
  [+] fig_020 → fig_020_Figure_20_2D_embedding_of_learnt_shape_.png
  [+] fig_021 → fig_021_Figure_21_PointNet_segmentation_results.png
  [+] fig_022 → fig_022_Figure_22_PointNet_segmentation_results.png
  [+] fig_023 → fig_023_Figure_23_PointNet_segmentation_failure.png
  [+] fig_024 → fig_024_Figure_24_Examples_of_semantic_segmenta.png
[+] Imágenes guardadas en: /media/santi/ALMACEN_GRANDE_1/ilovepappers/pappers/PointNet_Qi_2017_figures/images
[+] JSON guardado en: /media/santi/ALMACEN_GRANDE_1/ilovepappers/pappers/PointNet_Qi_2017_figures/figures.json
[+] Markdown guardado en: /media/santi/ALMACEN_GRANDE_1/ilovepappers/pappers/PointNet_Qi_2017_figures/figures.md
[+] TXT guardado en: /media/santi/ALMACEN_GRANDE_1/ilovepappers/pappers/PointNet_Qi_2017_figures/captions.txt
[+] CSV guardado en: /media/santi/ALMACEN_GRANDE_1/ilovepappers/pappers/PointNet_Qi_2017_figures/captions.csv

✓ Extracción completada.
Salida: /media/santi/ALMACEN_GRANDE_1/ilovepappers/pappers/PointNet_Qi_2017_figures
    OK

[17] >>> Review_DL_materiales_Choudhary_2022.pdf
[32m[INFO] 2026-05-26 13:26:35,835 [RapidOCR] base.py:22: Using engine_name: torch[0m
[32m[INFO] 2026-05-26 13:26:35,837 [RapidOCR] device_config.py:64: Using GPU device with ID: 0[0m
[32m[INFO] 2026-05-26 13:26:35,847 [RapidOCR] download_file.py:60: File exists and is valid: /home/santi/miniconda3/lib/python3.13/site-packages/rapidocr/models/ch_PP-OCRv4_det_mobile.pth[0m
[32m[INFO] 2026-05-26 13:26:35,847 [RapidOCR] main.py:50: Using /home/santi/miniconda3/lib/python3.13/site-packages/rapidocr/models/ch_PP-OCRv4_det_mobile.pth[0m
[32m[INFO] 2026-05-26 13:26:36,142 [RapidOCR] base.py:22: Using engine_name: torch[0m
[32m[INFO] 2026-05-26 13:26:36,142 [RapidOCR] device_config.py:64: Using GPU device with ID: 0[0m
[32m[INFO] 2026-05-26 13:26:36,143 [RapidOCR] download_file.py:60: File exists and is valid: /home/santi/miniconda3/lib/python3.13/site-packages/rapidocr/models/ch_ptocr_mobile_v2.0_cls_mobile.pth[0m
[32m[INFO] 2026-05-26 13:26:36,143 [RapidOCR] main.py:50: Using /home/santi/miniconda3/lib/python3.13/site-packages/rapidocr/models/ch_ptocr_mobile_v2.0_cls_mobile.pth[0m
[32m[INFO] 2026-05-26 13:26:36,202 [RapidOCR] base.py:22: Using engine_name: torch[0m
[32m[INFO] 2026-05-26 13:26:36,202 [RapidOCR] device_config.py:64: Using GPU device with ID: 0[0m
[32m[INFO] 2026-05-26 13:26:36,218 [RapidOCR] download_file.py:60: File exists and is valid: /home/santi/miniconda3/lib/python3.13/site-packages/rapidocr/models/ch_PP-OCRv4_rec_mobile.pth[0m
[32m[INFO] 2026-05-26 13:26:36,218 [RapidOCR] main.py:50: Using /home/santi/miniconda3/lib/python3.13/site-packages/rapidocr/models/ch_PP-OCRv4_rec_mobile.pth[0m
[+] Procesando PDF: Review_DL_materiales_Choudhary_2022.pdf
Loading weights:   0%|          | 0/770 [00:00<?, ?it/s]Loading weights:  91%|█████████▏| 704/770 [00:00<00:00, 7036.57it/s]Loading weights: 100%|██████████| 770/770 [00:00<00:00, 7012.18it/s]
[+] Figuras encontradas: 35
  [+] fig_001 → fig_001_no_caption.png
  [+] fig_002 → fig_002_no_caption.png
  [+] fig_003 → fig_003_no_caption.png
  [+] fig_004 → fig_004_no_caption.png
  [+] fig_005 → fig_005_Fig_1_Schematic_showing_an_overview_of_.png
  [+] fig_006 → fig_006_no_caption.png
  [+] fig_007 → fig_007_no_caption.png
  [+] fig_008 → fig_008_no_caption.png
  [+] fig_009 → fig_009_no_caption.png
  [+] fig_010 → fig_010_no_caption.png
  [+] fig_011 → fig_011_Fig_2_Schematic_representations_of_an_a.png
  [+] fig_012 → fig_012_no_caption.png
  [+] fig_013 → fig_013_no_caption.png
  [+] fig_014 → fig_014_Fig_3_Example_applications_of_deep_lear.png
  [+] fig_015 → fig_015_no_caption.png
  [+] fig_016 → fig_016_no_caption.png
  [+] fig_017 → fig_017_no_caption.png
  [+] fig_018 → fig_018_no_caption.png
  [+] fig_019 → fig_019_no_caption.png
  [+] fig_020 → fig_020_Fig_4_Deep-learning-based_algorithm_for.png
  [+] fig_021 → fig_021_no_caption.png
  [+] fig_022 → fig_022_no_caption.png
  [+] fig_023 → fig_023_no_caption.png
  [+] fig_024 → fig_024_no_caption.png
  [+] fig_025 → fig_025_no_caption.png
  [+] fig_026 → fig_026_Fig_5_A_schematic_showing_the_applicati.png
  [+] fig_027 → fig_027_no_caption.png
  [+] fig_028 → fig_028_no_caption.png
  [+] fig_029 → fig_029_no_caption.png
  [+] fig_030 → fig_030_no_caption.png
  [+] fig_031 → fig_031_no_caption.png
  [+] fig_032 → fig_032_no_caption.png
  [+] fig_033 → fig_033_no_caption.png
  [+] fig_034 → fig_034_no_caption.png
  [+] fig_035 → fig_035_no_caption.png
[+] Imágenes guardadas en: /media/santi/ALMACEN_GRANDE_1/ilovepappers/pappers/Review_DL_materiales_Choudhary_2022_figures/images
[+] JSON guardado en: /media/santi/ALMACEN_GRANDE_1/ilovepappers/pappers/Review_DL_materiales_Choudhary_2022_figures/figures.json
[+] Markdown guardado en: /media/santi/ALMACEN_GRANDE_1/ilovepappers/pappers/Review_DL_materiales_Choudhary_2022_figures/figures.md
[+] TXT guardado en: /media/santi/ALMACEN_GRANDE_1/ilovepappers/pappers/Review_DL_materiales_Choudhary_2022_figures/captions.txt
[+] CSV guardado en: /media/santi/ALMACEN_GRANDE_1/ilovepappers/pappers/Review_DL_materiales_Choudhary_2022_figures/captions.csv

✓ Extracción completada.
Salida: /media/santi/ALMACEN_GRANDE_1/ilovepappers/pappers/Review_DL_materiales_Choudhary_2022_figures
    OK

[18] >>> Steinhardt_bond_orientational_order_1983.pdf
[32m[INFO] 2026-05-26 13:27:03,484 [RapidOCR] base.py:22: Using engine_name: torch[0m
[32m[INFO] 2026-05-26 13:27:03,486 [RapidOCR] device_config.py:64: Using GPU device with ID: 0[0m
[32m[INFO] 2026-05-26 13:27:03,495 [RapidOCR] download_file.py:60: File exists and is valid: /home/santi/miniconda3/lib/python3.13/site-packages/rapidocr/models/ch_PP-OCRv4_det_mobile.pth[0m
[32m[INFO] 2026-05-26 13:27:03,495 [RapidOCR] main.py:50: Using /home/santi/miniconda3/lib/python3.13/site-packages/rapidocr/models/ch_PP-OCRv4_det_mobile.pth[0m
[32m[INFO] 2026-05-26 13:27:03,794 [RapidOCR] base.py:22: Using engine_name: torch[0m
[32m[INFO] 2026-05-26 13:27:03,794 [RapidOCR] device_config.py:64: Using GPU device with ID: 0[0m
[32m[INFO] 2026-05-26 13:27:03,795 [RapidOCR] download_file.py:60: File exists and is valid: /home/santi/miniconda3/lib/python3.13/site-packages/rapidocr/models/ch_ptocr_mobile_v2.0_cls_mobile.pth[0m
[32m[INFO] 2026-05-26 13:27:03,795 [RapidOCR] main.py:50: Using /home/santi/miniconda3/lib/python3.13/site-packages/rapidocr/models/ch_ptocr_mobile_v2.0_cls_mobile.pth[0m
[32m[INFO] 2026-05-26 13:27:03,855 [RapidOCR] base.py:22: Using engine_name: torch[0m
[32m[INFO] 2026-05-26 13:27:03,856 [RapidOCR] device_config.py:64: Using GPU device with ID: 0[0m
[32m[INFO] 2026-05-26 13:27:03,871 [RapidOCR] download_file.py:60: File exists and is valid: /home/santi/miniconda3/lib/python3.13/site-packages/rapidocr/models/ch_PP-OCRv4_rec_mobile.pth[0m
[32m[INFO] 2026-05-26 13:27:03,872 [RapidOCR] main.py:50: Using /home/santi/miniconda3/lib/python3.13/site-packages/rapidocr/models/ch_PP-OCRv4_rec_mobile.pth[0m
[+] Procesando PDF: Steinhardt_bond_orientational_order_1983.pdf
Loading weights:   0%|          | 0/770 [00:00<?, ?it/s]Loading weights:  84%|████████▍ | 645/770 [00:00<00:00, 6426.00it/s]Loading weights: 100%|██████████| 770/770 [00:00<00:00, 6616.79it/s]
[+] Figuras encontradas: 16
  [+] fig_001 → fig_001_FlG_1_Different_13-atom_particle_clust.png
  [+] fig_002 → fig_002_FIG_2_Histograms_of_quadratic_and_thir.png
  [+] fig_003 → fig_003_FIG_3_Symmetry_parameter_86_for_a_13-.png
  [+] fig_004 → fig_004_FIG_4_a_Quadratic_invariants_QI_for_.png
  [+] fig_005 → fig_005_FIR_5_Time_dependence_of_the_a_tempe.png
  [+] fig_006 → fig_006_FIG_6_a_and_b_show_the_radial_dist.png
  [+] fig_007 → fig_007_FIG_7_Orientation_correlation_function.png
  [+] fig_008 → fig_008_FIG_g_Orientational_correlation_length.png
  [+] fig_009 → fig_009_FIG_9_View_of_the_12_atoms_making_up_t.png
  [+] fig_010 → fig_010_no_caption.png
  [+] fig_011 → fig_011_no_caption.png
  [+] fig_012 → fig_012_FIG_10_The_orientational_correlation_f.png
  [+] fig_013 → fig_013_FIG_12_Phase_diagram_for_a_Lennard-Jon.png
  [+] fig_014 → fig_014_FIG_13_Orientational_order_in_the_rela.png
  [+] fig_015 → fig_015_FICx_14_Qrientational_histograms_for_s.png
  [+] fig_016 → fig_016_FIG_15_Spiral_packing_of_tetrahedra_di.png
[+] Imágenes guardadas en: /media/santi/ALMACEN_GRANDE_1/ilovepappers/pappers/Steinhardt_bond_orientational_order_1983_figures/images
[+] JSON guardado en: /media/santi/ALMACEN_GRANDE_1/ilovepappers/pappers/Steinhardt_bond_orientational_order_1983_figures/figures.json
[+] Markdown guardado en: /media/santi/ALMACEN_GRANDE_1/ilovepappers/pappers/Steinhardt_bond_orientational_order_1983_figures/figures.md
[+] TXT guardado en: /media/santi/ALMACEN_GRANDE_1/ilovepappers/pappers/Steinhardt_bond_orientational_order_1983_figures/captions.txt
[+] CSV guardado en: /media/santi/ALMACEN_GRANDE_1/ilovepappers/pappers/Steinhardt_bond_orientational_order_1983_figures/captions.csv

✓ Extracción completada.
Salida: /media/santi/ALMACEN_GRANDE_1/ilovepappers/pappers/Steinhardt_bond_orientational_order_1983_figures
    OK

[19] >>> TGS_vacancias_in_situ_Botica_MIT_2026.pdf
[32m[INFO] 2026-05-26 13:27:57,785 [RapidOCR] base.py:22: Using engine_name: torch[0m
[32m[INFO] 2026-05-26 13:27:57,787 [RapidOCR] device_config.py:64: Using GPU device with ID: 0[0m
[32m[INFO] 2026-05-26 13:27:57,798 [RapidOCR] download_file.py:60: File exists and is valid: /home/santi/miniconda3/lib/python3.13/site-packages/rapidocr/models/ch_PP-OCRv4_det_mobile.pth[0m
[32m[INFO] 2026-05-26 13:27:57,798 [RapidOCR] main.py:50: Using /home/santi/miniconda3/lib/python3.13/site-packages/rapidocr/models/ch_PP-OCRv4_det_mobile.pth[0m
[32m[INFO] 2026-05-26 13:27:58,123 [RapidOCR] base.py:22: Using engine_name: torch[0m
[32m[INFO] 2026-05-26 13:27:58,123 [RapidOCR] device_config.py:64: Using GPU device with ID: 0[0m
[32m[INFO] 2026-05-26 13:27:58,124 [RapidOCR] download_file.py:60: File exists and is valid: /home/santi/miniconda3/lib/python3.13/site-packages/rapidocr/models/ch_ptocr_mobile_v2.0_cls_mobile.pth[0m
[32m[INFO] 2026-05-26 13:27:58,124 [RapidOCR] main.py:50: Using /home/santi/miniconda3/lib/python3.13/site-packages/rapidocr/models/ch_ptocr_mobile_v2.0_cls_mobile.pth[0m
[32m[INFO] 2026-05-26 13:27:58,184 [RapidOCR] base.py:22: Using engine_name: torch[0m
[32m[INFO] 2026-05-26 13:27:58,185 [RapidOCR] device_config.py:64: Using GPU device with ID: 0[0m
[32m[INFO] 2026-05-26 13:27:58,200 [RapidOCR] download_file.py:60: File exists and is valid: /home/santi/miniconda3/lib/python3.13/site-packages/rapidocr/models/ch_PP-OCRv4_rec_mobile.pth[0m
[32m[INFO] 2026-05-26 13:27:58,201 [RapidOCR] main.py:50: Using /home/santi/miniconda3/lib/python3.13/site-packages/rapidocr/models/ch_PP-OCRv4_rec_mobile.pth[0m
[+] Procesando PDF: TGS_vacancias_in_situ_Botica_MIT_2026.pdf
Loading weights:   0%|          | 0/770 [00:00<?, ?it/s]Loading weights:  91%|█████████▏| 704/770 [00:00<00:00, 7009.21it/s]Loading weights: 100%|██████████| 770/770 [00:00<00:00, 7018.23it/s]
[+] Figuras encontradas: 15
  [+] fig_001 → fig_001_no_caption.png
  [+] fig_002 → fig_002_Figure_1_Scheme_of_TGS_coupled_with_in_.png
  [+] fig_003 → fig_003_Figure_2_Irradiation_depth_profile_as_c.png
  [+] fig_004 → fig_004_Figure_3_in_situ_TGS_results_from_7_MeV.png
  [+] fig_005 → fig_005_Figure_4_Periodic_pulsed_beam_experimen.png
  [+] fig_006 → fig_006_Figure_5_Vacancy_concentration_evolutio.png
  [+] fig_007 → fig_007_Figure_6_Vacancy_concentration_calculat.png
  [+] fig_008 → fig_008_Figure_7_Logarithmic_pulsed_beam_experi.png
  [+] fig_009 → fig_009_Figure_8_Cumulative_vacancy_concentrati.png
  [+] fig_010 → fig_010_Figure_9_TEM_images_from_the_different_.png
  [+] fig_011 → fig_011_Figure_10_Distribution_of_the_number_an.png
  [+] fig_012 → fig_012_Figure_11_Point_defect_evolution_for_Fe.png
  [+] fig_013 → fig_013_Figure_12_Beam_onoff_period_fitting_T.png
  [+] fig_014 → fig_014_Figure_13_Vacancy_concentration_calcula.png
  [+] fig_015 → fig_015_Figure_14_Cumulative_vacancy_concentrat.png
[+] Imágenes guardadas en: /media/santi/ALMACEN_GRANDE_1/ilovepappers/pappers/TGS_vacancias_in_situ_Botica_MIT_2026_figures/images
[+] JSON guardado en: /media/santi/ALMACEN_GRANDE_1/ilovepappers/pappers/TGS_vacancias_in_situ_Botica_MIT_2026_figures/figures.json
[+] Markdown guardado en: /media/santi/ALMACEN_GRANDE_1/ilovepappers/pappers/TGS_vacancias_in_situ_Botica_MIT_2026_figures/figures.md
[+] TXT guardado en: /media/santi/ALMACEN_GRANDE_1/ilovepappers/pappers/TGS_vacancias_in_situ_Botica_MIT_2026_figures/captions.txt
[+] CSV guardado en: /media/santi/ALMACEN_GRANDE_1/ilovepappers/pappers/TGS_vacancias_in_situ_Botica_MIT_2026_figures/captions.csv

✓ Extracción completada.
Salida: /media/santi/ALMACEN_GRANDE_1/ilovepappers/pappers/TGS_vacancias_in_situ_Botica_MIT_2026_figures
    OK

[20] >>> TorchPoints3D_framework_Chaton_2020.pdf
[32m[INFO] 2026-05-26 13:28:32,942 [RapidOCR] base.py:22: Using engine_name: torch[0m
[32m[INFO] 2026-05-26 13:28:32,944 [RapidOCR] device_config.py:64: Using GPU device with ID: 0[0m
[32m[INFO] 2026-05-26 13:28:32,953 [RapidOCR] download_file.py:60: File exists and is valid: /home/santi/miniconda3/lib/python3.13/site-packages/rapidocr/models/ch_PP-OCRv4_det_mobile.pth[0m
[32m[INFO] 2026-05-26 13:28:32,953 [RapidOCR] main.py:50: Using /home/santi/miniconda3/lib/python3.13/site-packages/rapidocr/models/ch_PP-OCRv4_det_mobile.pth[0m
[32m[INFO] 2026-05-26 13:28:33,252 [RapidOCR] base.py:22: Using engine_name: torch[0m
[32m[INFO] 2026-05-26 13:28:33,253 [RapidOCR] device_config.py:64: Using GPU device with ID: 0[0m
[32m[INFO] 2026-05-26 13:28:33,253 [RapidOCR] download_file.py:60: File exists and is valid: /home/santi/miniconda3/lib/python3.13/site-packages/rapidocr/models/ch_ptocr_mobile_v2.0_cls_mobile.pth[0m
[32m[INFO] 2026-05-26 13:28:33,253 [RapidOCR] main.py:50: Using /home/santi/miniconda3/lib/python3.13/site-packages/rapidocr/models/ch_ptocr_mobile_v2.0_cls_mobile.pth[0m
[32m[INFO] 2026-05-26 13:28:33,314 [RapidOCR] base.py:22: Using engine_name: torch[0m
[32m[INFO] 2026-05-26 13:28:33,314 [RapidOCR] device_config.py:64: Using GPU device with ID: 0[0m
[32m[INFO] 2026-05-26 13:28:33,330 [RapidOCR] download_file.py:60: File exists and is valid: /home/santi/miniconda3/lib/python3.13/site-packages/rapidocr/models/ch_PP-OCRv4_rec_mobile.pth[0m
[32m[INFO] 2026-05-26 13:28:33,330 [RapidOCR] main.py:50: Using /home/santi/miniconda3/lib/python3.13/site-packages/rapidocr/models/ch_PP-OCRv4_rec_mobile.pth[0m
[+] Procesando PDF: TorchPoints3D_framework_Chaton_2020.pdf
Loading weights:   0%|          | 0/770 [00:00<?, ?it/s]Loading weights:  92%|█████████▏| 711/770 [00:00<00:00, 7100.12it/s]Loading weights: 100%|██████████| 770/770 [00:00<00:00, 6986.42it/s]
[+] Figuras encontradas: 6
  [+] fig_001 → fig_001_Figure_1_Torch-Points3D_supports_multip.png
  [+] fig_002 → fig_002_Figure_2_Overall_architecture_of_the_fr.png
  [+] fig_003 → fig_003_no_caption.png
  [+] fig_004 → fig_004_Table_3_Improvement_in_terms_of_mIoU_pr.png
  [+] fig_005 → fig_005_Listing_4_Optimizer_hyper-parameters_us.png
  [+] fig_006 → fig_006_b_Registration_example_on_KITTI_odomet.png
[+] Imágenes guardadas en: /media/santi/ALMACEN_GRANDE_1/ilovepappers/pappers/TorchPoints3D_framework_Chaton_2020_figures/images
[+] JSON guardado en: /media/santi/ALMACEN_GRANDE_1/ilovepappers/pappers/TorchPoints3D_framework_Chaton_2020_figures/figures.json
[+] Markdown guardado en: /media/santi/ALMACEN_GRANDE_1/ilovepappers/pappers/TorchPoints3D_framework_Chaton_2020_figures/figures.md
[+] TXT guardado en: /media/santi/ALMACEN_GRANDE_1/ilovepappers/pappers/TorchPoints3D_framework_Chaton_2020_figures/captions.txt
[+] CSV guardado en: /media/santi/ALMACEN_GRANDE_1/ilovepappers/pappers/TorchPoints3D_framework_Chaton_2020_figures/captions.csv

✓ Extracción completada.
Salida: /media/santi/ALMACEN_GRANDE_1/ilovepappers/pappers/TorchPoints3D_framework_Chaton_2020_figures
    OK

[21] >>> UNet_nucleacion_voids_tantalio_Anantharanga_2025.pdf
[32m[INFO] 2026-05-26 13:28:46,075 [RapidOCR] base.py:22: Using engine_name: torch[0m
[32m[INFO] 2026-05-26 13:28:46,076 [RapidOCR] device_config.py:64: Using GPU device with ID: 0[0m
[32m[INFO] 2026-05-26 13:28:46,085 [RapidOCR] download_file.py:60: File exists and is valid: /home/santi/miniconda3/lib/python3.13/site-packages/rapidocr/models/ch_PP-OCRv4_det_mobile.pth[0m
[32m[INFO] 2026-05-26 13:28:46,085 [RapidOCR] main.py:50: Using /home/santi/miniconda3/lib/python3.13/site-packages/rapidocr/models/ch_PP-OCRv4_det_mobile.pth[0m
[32m[INFO] 2026-05-26 13:28:46,402 [RapidOCR] base.py:22: Using engine_name: torch[0m
[32m[INFO] 2026-05-26 13:28:46,403 [RapidOCR] device_config.py:64: Using GPU device with ID: 0[0m
[32m[INFO] 2026-05-26 13:28:46,403 [RapidOCR] download_file.py:60: File exists and is valid: /home/santi/miniconda3/lib/python3.13/site-packages/rapidocr/models/ch_ptocr_mobile_v2.0_cls_mobile.pth[0m
[32m[INFO] 2026-05-26 13:28:46,403 [RapidOCR] main.py:50: Using /home/santi/miniconda3/lib/python3.13/site-packages/rapidocr/models/ch_ptocr_mobile_v2.0_cls_mobile.pth[0m
[32m[INFO] 2026-05-26 13:28:46,468 [RapidOCR] base.py:22: Using engine_name: torch[0m
[32m[INFO] 2026-05-26 13:28:46,468 [RapidOCR] device_config.py:64: Using GPU device with ID: 0[0m
[32m[INFO] 2026-05-26 13:28:46,485 [RapidOCR] download_file.py:60: File exists and is valid: /home/santi/miniconda3/lib/python3.13/site-packages/rapidocr/models/ch_PP-OCRv4_rec_mobile.pth[0m
[32m[INFO] 2026-05-26 13:28:46,485 [RapidOCR] main.py:50: Using /home/santi/miniconda3/lib/python3.13/site-packages/rapidocr/models/ch_PP-OCRv4_rec_mobile.pth[0m
[+] Procesando PDF: UNet_nucleacion_voids_tantalio_Anantharanga_2025.pdf
Loading weights:   0%|          | 0/770 [00:00<?, ?it/s]Loading weights:  79%|███████▉  | 608/770 [00:00<00:00, 6071.54it/s]Loading weights: 100%|██████████| 770/770 [00:00<00:00, 5845.57it/s]
[33m[WARNING] 2026-05-26 13:28:49,793 [RapidOCR] main.py:132: The text detection result is empty[0m
RapidOCR returned empty result!
RapidOCR returned empty result!
[33m[WARNING] 2026-05-26 13:28:55,852 [RapidOCR] main.py:132: The text detection result is empty[0m
RapidOCR returned empty result!
RapidOCR returned empty result!
[33m[WARNING] 2026-05-26 13:28:56,040 [RapidOCR] main.py:132: The text detection result is empty[0m
RapidOCR returned empty result!
[33m[WARNING] 2026-05-26 13:28:56,195 [RapidOCR] main.py:132: The text detection result is empty[0m
RapidOCR returned empty result!
[+] Figuras encontradas: 20
  [+] fig_001 → fig_001_no_caption.png
  [+] fig_002 → fig_002_Figure_1_A_reversed_erosion_algorithm_.png
  [+] fig_003 → fig_003_Figure_2_A_visual_compilation_of_three_.png
  [+] fig_004 → fig_004_Figure_3_A_visual_compilation_of_three_.png
  [+] fig_005 → fig_005_Figure_4_The_full_U-Net_architecture_c.png
  [+] fig_006 → fig_006_Figure_5_Representative_selection_of_mo.png
  [+] fig_007 → fig_007_no_caption.png
  [+] fig_008 → fig_008_no_caption.png
  [+] fig_009 → fig_009_no_caption.png
  [+] fig_010 → fig_010_no_caption.png
  [+] fig_011 → fig_011_no_caption.png
  [+] fig_012 → fig_012_Figure_8_PCC_analysis_of_model_performa.png
  [+] fig_013 → fig_013_a_Graphical_illustration_of_ROI_metric.png
  [+] fig_014 → fig_014_no_caption.png
  [+] fig_015 → fig_015_c_Micrograph_segmented_into_red_bad_v.png
  [+] fig_016 → fig_016_no_caption.png
  [+] fig_017 → fig_017_no_caption.png
  [+] fig_018 → fig_018_f_Mask_applied_to_the_microstructure_t.png
  [+] fig_019 → fig_019_no_caption.png
  [+] fig_020 → fig_020_Figure_11_Pearson_correlation_coefficie.png
[+] Imágenes guardadas en: /media/santi/ALMACEN_GRANDE_1/ilovepappers/pappers/UNet_nucleacion_voids_tantalio_Anantharanga_2025_figures/images
[+] JSON guardado en: /media/santi/ALMACEN_GRANDE_1/ilovepappers/pappers/UNet_nucleacion_voids_tantalio_Anantharanga_2025_figures/figures.json
[+] Markdown guardado en: /media/santi/ALMACEN_GRANDE_1/ilovepappers/pappers/UNet_nucleacion_voids_tantalio_Anantharanga_2025_figures/figures.md
[+] TXT guardado en: /media/santi/ALMACEN_GRANDE_1/ilovepappers/pappers/UNet_nucleacion_voids_tantalio_Anantharanga_2025_figures/captions.txt
[+] CSV guardado en: /media/santi/ALMACEN_GRANDE_1/ilovepappers/pappers/UNet_nucleacion_voids_tantalio_Anantharanga_2025_figures/captions.csv

✓ Extracción completada.
Salida: /media/santi/ALMACEN_GRANDE_1/ilovepappers/pappers/UNet_nucleacion_voids_tantalio_Anantharanga_2025_figures
    OK

[22] >>> VoxelNet_Zhou_2017.pdf
[32m[INFO] 2026-05-26 13:29:03,424 [RapidOCR] base.py:22: Using engine_name: torch[0m
[32m[INFO] 2026-05-26 13:29:03,425 [RapidOCR] device_config.py:64: Using GPU device with ID: 0[0m
[32m[INFO] 2026-05-26 13:29:03,434 [RapidOCR] download_file.py:60: File exists and is valid: /home/santi/miniconda3/lib/python3.13/site-packages/rapidocr/models/ch_PP-OCRv4_det_mobile.pth[0m
[32m[INFO] 2026-05-26 13:29:03,434 [RapidOCR] main.py:50: Using /home/santi/miniconda3/lib/python3.13/site-packages/rapidocr/models/ch_PP-OCRv4_det_mobile.pth[0m
[32m[INFO] 2026-05-26 13:29:03,739 [RapidOCR] base.py:22: Using engine_name: torch[0m
[32m[INFO] 2026-05-26 13:29:03,739 [RapidOCR] device_config.py:64: Using GPU device with ID: 0[0m
[32m[INFO] 2026-05-26 13:29:03,740 [RapidOCR] download_file.py:60: File exists and is valid: /home/santi/miniconda3/lib/python3.13/site-packages/rapidocr/models/ch_ptocr_mobile_v2.0_cls_mobile.pth[0m
[32m[INFO] 2026-05-26 13:29:03,740 [RapidOCR] main.py:50: Using /home/santi/miniconda3/lib/python3.13/site-packages/rapidocr/models/ch_ptocr_mobile_v2.0_cls_mobile.pth[0m
[32m[INFO] 2026-05-26 13:29:03,801 [RapidOCR] base.py:22: Using engine_name: torch[0m
[32m[INFO] 2026-05-26 13:29:03,801 [RapidOCR] device_config.py:64: Using GPU device with ID: 0[0m
[32m[INFO] 2026-05-26 13:29:03,817 [RapidOCR] download_file.py:60: File exists and is valid: /home/santi/miniconda3/lib/python3.13/site-packages/rapidocr/models/ch_PP-OCRv4_rec_mobile.pth[0m
[32m[INFO] 2026-05-26 13:29:03,817 [RapidOCR] main.py:50: Using /home/santi/miniconda3/lib/python3.13/site-packages/rapidocr/models/ch_PP-OCRv4_rec_mobile.pth[0m
[+] Procesando PDF: VoxelNet_Zhou_2017.pdf
Loading weights:   0%|          | 0/770 [00:00<?, ?it/s]Loading weights:  93%|█████████▎| 718/770 [00:00<00:00, 7179.54it/s]Loading weights: 100%|██████████| 770/770 [00:00<00:00, 7161.77it/s]
[+] Figuras encontradas: 6
  [+] fig_001 → fig_001_Figure_1_VoxelNet_directly_operates_on_.png
  [+] fig_002 → fig_002_Figure_2_VoxelNet_architecture_The_fea.png
  [+] fig_003 → fig_003_no_caption.png
  [+] fig_004 → fig_004_Figure_4_Region_proposal_network_archit.png
  [+] fig_005 → fig_005_Figure_5_Illustration_of_efficient_impl.png
  [+] fig_006 → fig_006_Figure_6_Qualitative_results_For_bette.png
[+] Imágenes guardadas en: /media/santi/ALMACEN_GRANDE_1/ilovepappers/pappers/VoxelNet_Zhou_2017_figures/images
[+] JSON guardado en: /media/santi/ALMACEN_GRANDE_1/ilovepappers/pappers/VoxelNet_Zhou_2017_figures/figures.json
[+] Markdown guardado en: /media/santi/ALMACEN_GRANDE_1/ilovepappers/pappers/VoxelNet_Zhou_2017_figures/figures.md
[+] TXT guardado en: /media/santi/ALMACEN_GRANDE_1/ilovepappers/pappers/VoxelNet_Zhou_2017_figures/captions.txt
[+] CSV guardado en: /media/santi/ALMACEN_GRANDE_1/ilovepappers/pappers/VoxelNet_Zhou_2017_figures/captions.csv

✓ Extracción completada.
Salida: /media/santi/ALMACEN_GRANDE_1/ilovepappers/pappers/VoxelNet_Zhou_2017_figures
    OK

[23] >>> voxel_voids_nucleacion_Hemani_2014.pdf
[32m[INFO] 2026-05-26 13:29:18,825 [RapidOCR] base.py:22: Using engine_name: torch[0m
[32m[INFO] 2026-05-26 13:29:18,827 [RapidOCR] device_config.py:64: Using GPU device with ID: 0[0m
[32m[INFO] 2026-05-26 13:29:18,836 [RapidOCR] download_file.py:60: File exists and is valid: /home/santi/miniconda3/lib/python3.13/site-packages/rapidocr/models/ch_PP-OCRv4_det_mobile.pth[0m
[32m[INFO] 2026-05-26 13:29:18,836 [RapidOCR] main.py:50: Using /home/santi/miniconda3/lib/python3.13/site-packages/rapidocr/models/ch_PP-OCRv4_det_mobile.pth[0m
[32m[INFO] 2026-05-26 13:29:19,175 [RapidOCR] base.py:22: Using engine_name: torch[0m
[32m[INFO] 2026-05-26 13:29:19,175 [RapidOCR] device_config.py:64: Using GPU device with ID: 0[0m
[32m[INFO] 2026-05-26 13:29:19,175 [RapidOCR] download_file.py:60: File exists and is valid: /home/santi/miniconda3/lib/python3.13/site-packages/rapidocr/models/ch_ptocr_mobile_v2.0_cls_mobile.pth[0m
[32m[INFO] 2026-05-26 13:29:19,176 [RapidOCR] main.py:50: Using /home/santi/miniconda3/lib/python3.13/site-packages/rapidocr/models/ch_ptocr_mobile_v2.0_cls_mobile.pth[0m
[32m[INFO] 2026-05-26 13:29:19,235 [RapidOCR] base.py:22: Using engine_name: torch[0m
[32m[INFO] 2026-05-26 13:29:19,236 [RapidOCR] device_config.py:64: Using GPU device with ID: 0[0m
[32m[INFO] 2026-05-26 13:29:19,252 [RapidOCR] download_file.py:60: File exists and is valid: /home/santi/miniconda3/lib/python3.13/site-packages/rapidocr/models/ch_PP-OCRv4_rec_mobile.pth[0m
[32m[INFO] 2026-05-26 13:29:19,252 [RapidOCR] main.py:50: Using /home/santi/miniconda3/lib/python3.13/site-packages/rapidocr/models/ch_PP-OCRv4_rec_mobile.pth[0m
[+] Procesando PDF: voxel_voids_nucleacion_Hemani_2014.pdf
Loading weights:   0%|          | 0/770 [00:00<?, ?it/s]Loading weights:  89%|████████▉ | 689/770 [00:00<00:00, 6888.18it/s]Loading weights: 100%|██████████| 770/770 [00:00<00:00, 6947.62it/s]
[+] Figuras encontradas: 15
  [+] fig_001 → fig_001_no_caption.png
  [+] fig_002 → fig_002_Figure_1_Void_Analysis_using_serial_alg.png
  [+] fig_003 → fig_003_no_caption.png
  [+] fig_004 → fig_004_no_caption.png
  [+] fig_005 → fig_005_no_caption.png
  [+] fig_006 → fig_006_no_caption.png
  [+] fig_007 → fig_007_no_caption.png
  [+] fig_008 → fig_008_no_caption.png
  [+] fig_009 → fig_009_no_caption.png
  [+] fig_010 → fig_010_no_caption.png
  [+] fig_011 → fig_011_no_caption.png
  [+] fig_012 → fig_012_no_caption.png
  [+] fig_013 → fig_013_no_caption.png
  [+] fig_014 → fig_014_no_caption.png
  [+] fig_015 → fig_015_no_caption.png
[+] Imágenes guardadas en: /media/santi/ALMACEN_GRANDE_1/ilovepappers/pappers/voxel_voids_nucleacion_Hemani_2014_figures/images
[+] JSON guardado en: /media/santi/ALMACEN_GRANDE_1/ilovepappers/pappers/voxel_voids_nucleacion_Hemani_2014_figures/figures.json
[+] Markdown guardado en: /media/santi/ALMACEN_GRANDE_1/ilovepappers/pappers/voxel_voids_nucleacion_Hemani_2014_figures/figures.md
[+] TXT guardado en: /media/santi/ALMACEN_GRANDE_1/ilovepappers/pappers/voxel_voids_nucleacion_Hemani_2014_figures/captions.txt
[+] CSV guardado en: /media/santi/ALMACEN_GRANDE_1/ilovepappers/pappers/voxel_voids_nucleacion_Hemani_2014_figures/captions.csv

✓ Extracción completada.
Salida: /media/santi/ALMACEN_GRANDE_1/ilovepappers/pappers/voxel_voids_nucleacion_Hemani_2014_figures
    OK

=== Fin: Tue May 26 01:29:30 PM -03 2026 ===
Total procesados: 23 | OK: 23 | FAIL: 0
